INSERT INTO dnd.skill (id, name) VALUES (1, 'Acrobatics');
INSERT INTO dnd.skill (id, name) VALUES (2, 'Animal Handling');
INSERT INTO dnd.skill (id, name) VALUES (3, 'Arcana');
INSERT INTO dnd.skill (id, name) VALUES (4, 'Athletics');
INSERT INTO dnd.skill (id, name) VALUES (5, 'Deception');
INSERT INTO dnd.skill (id, name) VALUES (6, 'History');
INSERT INTO dnd.skill (id, name) VALUES (7, 'Insight');
INSERT INTO dnd.skill (id, name) VALUES (8, 'Intimidation');
INSERT INTO dnd.skill (id, name) VALUES (9, 'Investigation');
INSERT INTO dnd.skill (id, name) VALUES (10, 'Medicine');
INSERT INTO dnd.skill (id, name) VALUES (11, 'Nature');
INSERT INTO dnd.skill (id, name) VALUES (12, 'Perception');
INSERT INTO dnd.skill (id, name) VALUES (13, 'Performance');
INSERT INTO dnd.skill (id, name) VALUES (14, 'Persuasion');
INSERT INTO dnd.skill (id, name) VALUES (15, 'Religion');
INSERT INTO dnd.skill (id, name) VALUES (16, 'Sleight of Hand');
INSERT INTO dnd.skill (id, name) VALUES (17, 'Stealth');
INSERT INTO dnd.skill (id, name) VALUES (18, 'Survival');

INSERT INTO dnd.damage_type (id, name) VALUES (1, 'Acid');
INSERT INTO dnd.damage_type (id, name) VALUES (2, 'Bludgeoning');
INSERT INTO dnd.damage_type (id, name) VALUES (3, 'Cold');
INSERT INTO dnd.damage_type (id, name) VALUES (4, 'Fire');
INSERT INTO dnd.damage_type (id, name) VALUES (5, 'Force');
INSERT INTO dnd.damage_type (id, name) VALUES (6, 'Lightning');
INSERT INTO dnd.damage_type (id, name) VALUES (7, 'Necrotic');
INSERT INTO dnd.damage_type (id, name) VALUES (8, 'Piercing');
INSERT INTO dnd.damage_type (id, name) VALUES (9, 'Poison');
INSERT INTO dnd.damage_type (id, name) VALUES (10, 'Psychic');
INSERT INTO dnd.damage_type (id, name) VALUES (11, 'Radiant');
INSERT INTO dnd.damage_type (id, name) VALUES (12, 'Slashing');
INSERT INTO dnd.damage_type (id, name) VALUES (13, 'Thunder');

INSERT INTO dnd.condition (id, name, description) VALUES (1, 'Poisoned', 'A poisoned creature has disadvantage on attack rolls and ability checks.');
INSERT INTO dnd.condition (id, name, description) VALUES (2, 'Paralyzed', 'A paralyzed creature is incapacitated (see the condition) and can’t move or speak.
The creature automatically fails Strength and Dexterity saving throws.
Attack rolls against the creature have advantage.
Any attack that hits the creature is a critical hit if the attacker is within 5 feet of the creature.');
INSERT INTO dnd.condition (id, name, description) VALUES (3, 'Stunned', 'A stunned creature is incapacitated (see the condition), can’t move, and can speak only falteringly.
The creature automatically fails Strength and Dexterity saving throws.
Attack rolls against the creature have advantage.');
INSERT INTO dnd.condition (id, name, description) VALUES (4, 'Frightened', 'A frightened creature has disadvantage on ability checks and attack rolls while the source of its fear is within line of sight.
The creature can’t willingly move closer to the source of its fear.');
INSERT INTO dnd.condition (id, name, description) VALUES (5, 'Grappled', 'A grappled creature’s speed becomes 0, and it can’t benefit from any bonus to its speed.
The condition ends if the grappler is incapacitated (see the condition).
The condition also ends if an effect removes the grappled creature from the reach of the grappler or grappling effect, such as when a creature is hurled away by the thunderwave spell.');
INSERT INTO dnd.condition (id, name, description) VALUES (6, 'Charmed', 'A charmed creature can’t attack the charmer or target the charmer with harmful abilities or magical effects.
The charmer has advantage on any ability check to interact socially with the creature.');
INSERT INTO dnd.condition (id, name, description) VALUES (7, 'Incapacitated', 'An incapacitated creature can’t take actions or reactions.');
INSERT INTO dnd.condition (id, name, description) VALUES (8, 'Petrified', 'A petrified creature is transformed, along with any nonmagical object it is wearing or carrying, into a solid inanimate substance (usually stone). Its weight increases by a factor of ten, and it ceases aging.
The creature is incapacitated (see the condition), can’t move or speak, and is unaware of its surroundings.
Attack rolls against the creature have advantage.
The creature automatically fails Strength and Dexterity saving throws.
The creature has resistance to all damage.
The creature is immune to poison and disease, although a poison or disease already in its system is suspended, not neutralized.');
INSERT INTO dnd.condition (id, name, description) VALUES (9, 'Blinded', 'A blinded creature can’t see and automatically fails any ability check that requires sight.
Attack rolls against the creature have advantage, and the creature’s attack rolls have disadvantage.');
INSERT INTO dnd.condition (id, name, description) VALUES (10, 'Deafened', 'A deafened creature can’t hear and automatically fails any ability check that requires hearing.');
INSERT INTO dnd.condition (id, name, description) VALUES (11, 'Exhaustion', 'Some special abilities and environmental hazards, such as starvation and the long-­term effects of freezing or scorching temperatures, can lead to a special condition called exhaustion. Exhaustion is measured in six levels. An effect can give a creature one or more levels of exhaustion, as specified in the effect’s description.
Exhaustion Effects
Level	Effect
1	Disadvantage on ability checks
2	Speed halved
3	Disadvantage on attack rolls and saving throws
4	Hit point maximum halved
5	Speed reduced to 0
6	Death
If an already exhausted creature suffers another effect that causes exhaustion, its current level of exhaustion increases by the amount specified in the effect’s description.
A creature suffers the effect of its current level of exhaustion as well as all lower levels. For example, a creature suffering level 2 exhaustion has its speed halved and has disadvantage on ability checks.
An effect that removes exhaustion reduces its level as specified in the effect’s description, with all exhaustion effects ending if a creature’s exhaustion level is reduced below 1.
Finishing a long rest reduces a creature’s exhaustion level by 1, provided that the creature has also ingested some food and drink.
Also, being raised from the dead reduces a creature’s exhaustion level by 1.');
INSERT INTO dnd.condition (id, name, description) VALUES (12, 'Restrained', 'A restrained creature’s speed becomes 0, and it can’t benefit from any bonus to its speed.
Attack rolls against the creature have advantage, and the creature’s attack rolls have disadvantage.
The creature has disadvantage on Dexterity saving throws.');
INSERT INTO dnd.condition (id, name, description) VALUES (13, 'Prone', 'A prone creature’s only movement option is to crawl, unless it stands up and thereby ends the condition.
The creature has disadvantage on attack rolls.
An attack roll against the creature has advantage if the attacker is within 5 feet of the creature. Otherwise, the attack roll has disadvantage.');
INSERT INTO dnd.condition (id, name, description) VALUES (14, 'Invisible', 'An invisible creature is impossible to see without the aid of magic or a special sense. For the purpose of hiding, the creature is heavily obscured. The creature’s location can be detected by any noise it makes or any tracks it leaves.
Attack rolls against the creature have disadvantage, and the creature’s attack rolls have advantage.');
INSERT INTO dnd.condition (id, name, description) VALUES (15, 'Unconscious', 'An unconscious creature is incapacitated (see the condition), can’t move or speak, and is unaware of its surroundings
The creature drops whatever it’s holding and falls prone.
The creature automatically fails Strength and Dexterity saving throws.
Attack rolls against the creature have advantage.
Any attack that hits the creature is a critical hit if the attacker is within 5 feet of the creature.');

INSERT INTO dnd.speed (id, name) VALUES (1, 'Walk');
INSERT INTO dnd.speed (id, name) VALUES (2, 'Fly');
INSERT INTO dnd.speed (id, name) VALUES (3, 'Climb');
INSERT INTO dnd.speed (id, name) VALUES (4, 'In wolf form');
INSERT INTO dnd.speed (id, name) VALUES (5, 'In tiger form');
INSERT INTO dnd.speed (id, name) VALUES (6, 'In boar form');
INSERT INTO dnd.speed (id, name) VALUES (7, 'Burrow');
INSERT INTO dnd.speed (id, name) VALUES (8, 'Climb  in bear or hybrid form');
INSERT INTO dnd.speed (id, name) VALUES (9, 'Swim');
INSERT INTO dnd.speed (id, name) VALUES (10, 'Fly  (hover)');

INSERT INTO dnd.monster_type (id, name) VALUES (1, 'Neutral');
INSERT INTO dnd.monster_type (id, name) VALUES (2, 'Chaotic good');
INSERT INTO dnd.monster_type (id, name) VALUES (3, 'Neutral evil');
INSERT INTO dnd.monster_type (id, name) VALUES (4, 'Humanoid');
INSERT INTO dnd.monster_type (id, name) VALUES (5, 'Any');
INSERT INTO dnd.monster_type (id, name) VALUES (6, 'Dragon');
INSERT INTO dnd.monster_type (id, name) VALUES (7, 'Elemental');
INSERT INTO dnd.monster_type (id, name) VALUES (8, 'Ooze');
INSERT INTO dnd.monster_type (id, name) VALUES (9, 'Lawful neutral');
INSERT INTO dnd.monster_type (id, name) VALUES (10, 'Plant');
INSERT INTO dnd.monster_type (id, name) VALUES (11, 'Fiend');
INSERT INTO dnd.monster_type (id, name) VALUES (12, 'Undead');
INSERT INTO dnd.monster_type (id, name) VALUES (13, 'Any evil alignment');
INSERT INTO dnd.monster_type (id, name) VALUES (14, 'Chaotic neutral');
INSERT INTO dnd.monster_type (id, name) VALUES (15, 'Chaotic evil');
INSERT INTO dnd.monster_type (id, name) VALUES (16, 'Lawful evil');
INSERT INTO dnd.monster_type (id, name) VALUES (17, 'Beast');
INSERT INTO dnd.monster_type (id, name) VALUES (18, 'Unaligned');
INSERT INTO dnd.monster_type (id, name) VALUES (19, 'Construct');
INSERT INTO dnd.monster_type (id, name) VALUES (20, 'Neutral good');
INSERT INTO dnd.monster_type (id, name) VALUES (21, 'Lawful good');
INSERT INTO dnd.monster_type (id, name) VALUES (22, 'Aberration');
INSERT INTO dnd.monster_type (id, name) VALUES (23, 'Monstrosity');
INSERT INTO dnd.monster_type (id, name) VALUES (24, 'Fey');
INSERT INTO dnd.monster_type (id, name) VALUES (25, 'Giant');
INSERT INTO dnd.monster_type (id, name) VALUES (26, 'Celestial');

INSERT INTO dnd.creature_size (id, size) VALUES (1, 'Small');
INSERT INTO dnd.creature_size (id, size) VALUES (2, 'Gargantuan');
INSERT INTO dnd.creature_size (id, size) VALUES (3, 'Medium');
INSERT INTO dnd.creature_size (id, size) VALUES (4, 'Large');
INSERT INTO dnd.creature_size (id, size) VALUES (5, 'Tiny');
INSERT INTO dnd.creature_size (id, size) VALUES (6, 'Huge');

INSERT INTO dnd.language (id, name) VALUES (1, 'All');
INSERT INTO dnd.language (id, name) VALUES (2, 'Auran');
INSERT INTO dnd.language (id, name) VALUES (3, 'Understands Abyssal but can''t speak  it');
INSERT INTO dnd.language (id, name) VALUES (4, 'Telepathy 60 ft.');
INSERT INTO dnd.language (id, name) VALUES (5, 'Infernal but can''t speak');
INSERT INTO dnd.language (id, name) VALUES (6, 'Worg');
INSERT INTO dnd.language (id, name) VALUES (7, 'Goblin');
INSERT INTO dnd.language (id, name) VALUES (8, 'Understands Common but can''t speak  it');
INSERT INTO dnd.language (id, name) VALUES (9, 'Thieves'' cant plus any two languages');
INSERT INTO dnd.language (id, name) VALUES (10, 'Yeti');
INSERT INTO dnd.language (id, name) VALUES (11, 'Draconic');
INSERT INTO dnd.language (id, name) VALUES (12, 'Any one language');
INSERT INTO dnd.language (id, name) VALUES (13, 'Common (can''t speak in rat form)');
INSERT INTO dnd.language (id, name) VALUES (14, 'Common (can''t speak in boar form)');
INSERT INTO dnd.language (id, name) VALUES (15, 'Sahuagin');
INSERT INTO dnd.language (id, name) VALUES (16, 'Understands Draconic but can''t speak  it');
INSERT INTO dnd.language (id, name) VALUES (17, '--');
INSERT INTO dnd.language (id, name) VALUES (18, 'Common (can''t speak in bear form)');
INSERT INTO dnd.language (id, name) VALUES (19, 'Telepathy 120 ft. but can''t speak');
INSERT INTO dnd.language (id, name) VALUES (20, 'Understands the languages of its creator but can''t speak');
INSERT INTO dnd.language (id, name) VALUES (21, 'The languages it knew in life');
INSERT INTO dnd.language (id, name) VALUES (22, 'Understands Deep Speech but can''t speak');
INSERT INTO dnd.language (id, name) VALUES (23, 'Ignan');
INSERT INTO dnd.language (id, name) VALUES (24, 'Understands Infernal but can''t speak it');
INSERT INTO dnd.language (id, name) VALUES (25, 'Common plus up to five other languages');
INSERT INTO dnd.language (id, name) VALUES (26, 'Druidic');
INSERT INTO dnd.language (id, name) VALUES (27, 'Common');
INSERT INTO dnd.language (id, name) VALUES (28, 'One language known by its creator');
INSERT INTO dnd.language (id, name) VALUES (29, 'Auran but can''t speak them');
INSERT INTO dnd.language (id, name) VALUES (30, 'Giant Elk');
INSERT INTO dnd.language (id, name) VALUES (31, 'Understands commands given in any language but can''t speak');
INSERT INTO dnd.language (id, name) VALUES (32, 'Dwarvish');
INSERT INTO dnd.language (id, name) VALUES (33, 'Primordial');
INSERT INTO dnd.language (id, name) VALUES (34, 'Giant');
INSERT INTO dnd.language (id, name) VALUES (35, 'Common (can''t speak in tiger form)');
INSERT INTO dnd.language (id, name) VALUES (36, 'Any four languages');
INSERT INTO dnd.language (id, name) VALUES (37, 'Any languages it knew in life');
INSERT INTO dnd.language (id, name) VALUES (38, 'Orc');
INSERT INTO dnd.language (id, name) VALUES (39, 'Sylvan');
INSERT INTO dnd.language (id, name) VALUES (40, 'Sylvan but can''t speak them');
INSERT INTO dnd.language (id, name) VALUES (41, 'Sylvan but can''t speak');
INSERT INTO dnd.language (id, name) VALUES (42, 'Draconic but can''t speak them');
INSERT INTO dnd.language (id, name) VALUES (43, 'Common understands but canât speak');
INSERT INTO dnd.language (id, name) VALUES (44, 'Giant Owl');
INSERT INTO dnd.language (id, name) VALUES (45, 'Gnoll');
INSERT INTO dnd.language (id, name) VALUES (46, 'Auran  Understands Common but doesn''t speak it');
INSERT INTO dnd.language (id, name) VALUES (47, 'Aquan');
INSERT INTO dnd.language (id, name) VALUES (48, 'Infernal');
INSERT INTO dnd.language (id, name) VALUES (49, 'Any six languages');
INSERT INTO dnd.language (id, name) VALUES (50, 'Giant but can''t speak  them');
INSERT INTO dnd.language (id, name) VALUES (51, 'Winter Wolf');
INSERT INTO dnd.language (id, name) VALUES (52, 'Any one language (usually Common)');
INSERT INTO dnd.language (id, name) VALUES (53, 'Terran');
INSERT INTO dnd.language (id, name) VALUES (54, 'Understands all languages it knew in life but can''t speak');
INSERT INTO dnd.language (id, name) VALUES (55, 'Gnomish');
INSERT INTO dnd.language (id, name) VALUES (56, 'Elvish');
INSERT INTO dnd.language (id, name) VALUES (57, 'Otyugh');
INSERT INTO dnd.language (id, name) VALUES (58, 'Deep Speech');
INSERT INTO dnd.language (id, name) VALUES (59, 'Common (can''t speak in wolf form)');
INSERT INTO dnd.language (id, name) VALUES (60, 'Understands Common');
INSERT INTO dnd.language (id, name) VALUES (61, 'Abyssal');
INSERT INTO dnd.language (id, name) VALUES (62, 'Giant Eagle  understands Common');
INSERT INTO dnd.language (id, name) VALUES (63, 'Blink Dog  Understands Sylvan but can''t speak it');
INSERT INTO dnd.language (id, name) VALUES (64, 'Telepathy 120 ft.');
INSERT INTO dnd.language (id, name) VALUES (65, 'Any two languages');
INSERT INTO dnd.language (id, name) VALUES (66, 'Sphinx');
INSERT INTO dnd.language (id, name) VALUES (67, 'Druidic plus any two languages');
INSERT INTO dnd.language (id, name) VALUES (68, 'Undercommon');
INSERT INTO dnd.language (id, name) VALUES (69, 'Celestial');

INSERT INTO dnd.sense (id, name) VALUES (1, 'Darkvision');
INSERT INTO dnd.sense (id, name) VALUES (2, 'Blindsight');
INSERT INTO dnd.sense (id, name) VALUES (3, 'Tremorsense');
INSERT INTO dnd.sense (id, name) VALUES (4, 'Truesight');
INSERT INTO dnd.sense (id, name) VALUES (5, 'Blindsight  (blind beyond this radius)');

INSERT INTO dnd.monster (id, hit_points, size_id, armor_class, armor_class_description, monster_name) VALUES (1, 135, 4, 17, 'Natural Armor', 'Aboleth');
INSERT INTO dnd.monster_type_relation (monster_id, type_id) VALUES (1, '22');
INSERT INTO dnd.monster_type_relation (monster_id, type_id) VALUES (1, '16');
INSERT INTO dnd.monster (id, hit_points, size_id, armor_class, armor_class_description, monster_name) VALUES (2, 9, 3, 10, '', 'Acolyte');
INSERT INTO dnd.monster_type_relation (monster_id, type_id) VALUES (2, '4');
INSERT INTO dnd.monster_type_relation (monster_id, type_id) VALUES (2, '5');
INSERT INTO dnd.monster (id, hit_points, size_id, armor_class, armor_class_description, monster_name) VALUES (3, 195, 6, 19, 'Natural Armor', 'Adult Black Dragon');
INSERT INTO dnd.monster_type_relation (monster_id, type_id) VALUES (3, '15');
INSERT INTO dnd.monster_type_relation (monster_id, type_id) VALUES (3, '6');
INSERT INTO dnd.monster (id, hit_points, size_id, armor_class, armor_class_description, monster_name) VALUES (4, 225, 6, 19, 'Natural Armor', 'Adult Blue Dragon');
INSERT INTO dnd.monster_type_relation (monster_id, type_id) VALUES (4, '6');
INSERT INTO dnd.monster_type_relation (monster_id, type_id) VALUES (4, '16');
INSERT INTO dnd.monster (id, hit_points, size_id, armor_class, armor_class_description, monster_name) VALUES (5, 172, 6, 18, 'Natural Armor', 'Adult Brass Dragon');
INSERT INTO dnd.monster_type_relation (monster_id, type_id) VALUES (5, '2');
INSERT INTO dnd.monster_type_relation (monster_id, type_id) VALUES (5, '6');
INSERT INTO dnd.monster (id, hit_points, size_id, armor_class, armor_class_description, monster_name) VALUES (6, 212, 6, 19, 'Natural Armor', 'Adult Bronze Dragon');
INSERT INTO dnd.monster_type_relation (monster_id, type_id) VALUES (6, '21');
INSERT INTO dnd.monster_type_relation (monster_id, type_id) VALUES (6, '6');
INSERT INTO dnd.monster (id, hit_points, size_id, armor_class, armor_class_description, monster_name) VALUES (7, 184, 6, 18, 'Natural Armor', 'Adult Copper Dragon');
INSERT INTO dnd.monster_type_relation (monster_id, type_id) VALUES (7, '2');
INSERT INTO dnd.monster_type_relation (monster_id, type_id) VALUES (7, '6');
INSERT INTO dnd.monster (id, hit_points, size_id, armor_class, armor_class_description, monster_name) VALUES (8, 256, 6, 19, 'Natural Armor', 'Adult Gold Dragon');
INSERT INTO dnd.monster_type_relation (monster_id, type_id) VALUES (8, '21');
INSERT INTO dnd.monster_type_relation (monster_id, type_id) VALUES (8, '6');
INSERT INTO dnd.monster (id, hit_points, size_id, armor_class, armor_class_description, monster_name) VALUES (9, 207, 6, 19, 'Natural Armor', 'Adult Green Dragon');
INSERT INTO dnd.monster_type_relation (monster_id, type_id) VALUES (9, '6');
INSERT INTO dnd.monster_type_relation (monster_id, type_id) VALUES (9, '16');
INSERT INTO dnd.monster (id, hit_points, size_id, armor_class, armor_class_description, monster_name) VALUES (10, 256, 6, 19, 'Natural Armor', 'Adult Red Dragon');
INSERT INTO dnd.monster_type_relation (monster_id, type_id) VALUES (10, '15');
INSERT INTO dnd.monster_type_relation (monster_id, type_id) VALUES (10, '6');
INSERT INTO dnd.monster (id, hit_points, size_id, armor_class, armor_class_description, monster_name) VALUES (11, 243, 6, 19, 'Natural Armor', 'Adult Silver Dragon');
INSERT INTO dnd.monster_type_relation (monster_id, type_id) VALUES (11, '21');
INSERT INTO dnd.monster_type_relation (monster_id, type_id) VALUES (11, '6');
INSERT INTO dnd.monster (id, hit_points, size_id, armor_class, armor_class_description, monster_name) VALUES (12, 200, 6, 18, 'Natural Armor', 'Adult White Dragon');
INSERT INTO dnd.monster_type_relation (monster_id, type_id) VALUES (12, '15');
INSERT INTO dnd.monster_type_relation (monster_id, type_id) VALUES (12, '6');
INSERT INTO dnd.monster (id, hit_points, size_id, armor_class, armor_class_description, monster_name) VALUES (13, 90, 4, 15, '', 'Air Elemental');
INSERT INTO dnd.monster_type_relation (monster_id, type_id) VALUES (13, '1');
INSERT INTO dnd.monster_type_relation (monster_id, type_id) VALUES (13, '7');
INSERT INTO dnd.monster (id, hit_points, size_id, armor_class, armor_class_description, monster_name) VALUES (14, 51, 4, 13, 'Natural Armor', 'Allosaurus');
INSERT INTO dnd.monster_type_relation (monster_id, type_id) VALUES (14, '18');
INSERT INTO dnd.monster_type_relation (monster_id, type_id) VALUES (14, '17');
INSERT INTO dnd.monster (id, hit_points, size_id, armor_class, armor_class_description, monster_name) VALUES (15, 367, 2, 22, 'Natural Armor', 'Ancient Black Dragon');
INSERT INTO dnd.monster_type_relation (monster_id, type_id) VALUES (15, '15');
INSERT INTO dnd.monster_type_relation (monster_id, type_id) VALUES (15, '6');
INSERT INTO dnd.monster (id, hit_points, size_id, armor_class, armor_class_description, monster_name) VALUES (16, 481, 2, 22, 'Natural Armor', 'Ancient Blue Dragon');
INSERT INTO dnd.monster_type_relation (monster_id, type_id) VALUES (16, '6');
INSERT INTO dnd.monster_type_relation (monster_id, type_id) VALUES (16, '16');
INSERT INTO dnd.monster (id, hit_points, size_id, armor_class, armor_class_description, monster_name) VALUES (17, 297, 2, 20, 'Natural Armor', 'Ancient Brass Dragon');
INSERT INTO dnd.monster_type_relation (monster_id, type_id) VALUES (17, '2');
INSERT INTO dnd.monster_type_relation (monster_id, type_id) VALUES (17, '6');
INSERT INTO dnd.monster (id, hit_points, size_id, armor_class, armor_class_description, monster_name) VALUES (18, 444, 2, 22, 'Natural Armor', 'Ancient Bronze Dragon');
INSERT INTO dnd.monster_type_relation (monster_id, type_id) VALUES (18, '21');
INSERT INTO dnd.monster_type_relation (monster_id, type_id) VALUES (18, '6');
INSERT INTO dnd.monster (id, hit_points, size_id, armor_class, armor_class_description, monster_name) VALUES (19, 350, 2, 21, 'Natural Armor', 'Ancient Copper Dragon');
INSERT INTO dnd.monster_type_relation (monster_id, type_id) VALUES (19, '2');
INSERT INTO dnd.monster_type_relation (monster_id, type_id) VALUES (19, '6');
INSERT INTO dnd.monster (id, hit_points, size_id, armor_class, armor_class_description, monster_name) VALUES (20, 546, 2, 22, 'Natural Armor', 'Ancient Gold Dragon');
INSERT INTO dnd.monster_type_relation (monster_id, type_id) VALUES (20, '21');
INSERT INTO dnd.monster_type_relation (monster_id, type_id) VALUES (20, '6');
INSERT INTO dnd.monster (id, hit_points, size_id, armor_class, armor_class_description, monster_name) VALUES (21, 385, 2, 21, 'Natural Armor', 'Ancient Green Dragon');
INSERT INTO dnd.monster_type_relation (monster_id, type_id) VALUES (21, '6');
INSERT INTO dnd.monster_type_relation (monster_id, type_id) VALUES (21, '16');
INSERT INTO dnd.monster (id, hit_points, size_id, armor_class, armor_class_description, monster_name) VALUES (22, 546, 2, 22, 'Natural Armor', 'Ancient Red Dragon');
INSERT INTO dnd.monster_type_relation (monster_id, type_id) VALUES (22, '15');
INSERT INTO dnd.monster_type_relation (monster_id, type_id) VALUES (22, '6');
INSERT INTO dnd.monster (id, hit_points, size_id, armor_class, armor_class_description, monster_name) VALUES (23, 487, 2, 22, 'Natural Armor', 'Ancient Silver Dragon');
INSERT INTO dnd.monster_type_relation (monster_id, type_id) VALUES (23, '21');
INSERT INTO dnd.monster_type_relation (monster_id, type_id) VALUES (23, '6');
INSERT INTO dnd.monster (id, hit_points, size_id, armor_class, armor_class_description, monster_name) VALUES (24, 333, 2, 20, 'Natural Armor', 'Ancient White Dragon');
INSERT INTO dnd.monster_type_relation (monster_id, type_id) VALUES (24, '15');
INSERT INTO dnd.monster_type_relation (monster_id, type_id) VALUES (24, '6');
INSERT INTO dnd.monster (id, hit_points, size_id, armor_class, armor_class_description, monster_name) VALUES (25, 199, 4, 17, 'Natural Armor', 'Androsphinx');
INSERT INTO dnd.monster_type_relation (monster_id, type_id) VALUES (25, '9');
INSERT INTO dnd.monster_type_relation (monster_id, type_id) VALUES (25, '23');
INSERT INTO dnd.monster (id, hit_points, size_id, armor_class, armor_class_description, monster_name) VALUES (26, 33, 3, 18, 'Natural Armor', 'Animated Armor');
INSERT INTO dnd.monster_type_relation (monster_id, type_id) VALUES (26, '18');
INSERT INTO dnd.monster_type_relation (monster_id, type_id) VALUES (26, '19');
INSERT INTO dnd.monster (id, hit_points, size_id, armor_class, armor_class_description, monster_name) VALUES (27, 39, 4, 14, 'Natural Armor, 11 While Prone', 'Ankheg');
INSERT INTO dnd.monster_type_relation (monster_id, type_id) VALUES (27, '18');
INSERT INTO dnd.monster_type_relation (monster_id, type_id) VALUES (27, '23');
INSERT INTO dnd.monster (id, hit_points, size_id, armor_class, armor_class_description, monster_name) VALUES (28, 68, 6, 15, 'Natural', 'Ankylosaurus');
INSERT INTO dnd.monster_type_relation (monster_id, type_id) VALUES (28, '18');
INSERT INTO dnd.monster_type_relation (monster_id, type_id) VALUES (28, '17');
INSERT INTO dnd.monster (id, hit_points, size_id, armor_class, armor_class_description, monster_name) VALUES (29, 19, 3, 12, '', 'Ape');
INSERT INTO dnd.monster_type_relation (monster_id, type_id) VALUES (29, '18');
INSERT INTO dnd.monster_type_relation (monster_id, type_id) VALUES (29, '17');
INSERT INTO dnd.monster (id, hit_points, size_id, armor_class, armor_class_description, monster_name) VALUES (30, 99, 3, 12, '15 With Mage Armor', 'Archmage');
INSERT INTO dnd.monster_type_relation (monster_id, type_id) VALUES (30, '4');
INSERT INTO dnd.monster_type_relation (monster_id, type_id) VALUES (30, '5');
INSERT INTO dnd.monster (id, hit_points, size_id, armor_class, armor_class_description, monster_name) VALUES (31, 78, 3, 15, 'Studded Leather', 'Assassin');
INSERT INTO dnd.monster_type_relation (monster_id, type_id) VALUES (31, '4');
INSERT INTO dnd.monster_type_relation (monster_id, type_id) VALUES (31, '5');
INSERT INTO dnd.monster (id, hit_points, size_id, armor_class, armor_class_description, monster_name) VALUES (32, 10, 1, 9, '', 'Awakened Shrub');
INSERT INTO dnd.monster_type_relation (monster_id, type_id) VALUES (32, '18');
INSERT INTO dnd.monster_type_relation (monster_id, type_id) VALUES (32, '10');
INSERT INTO dnd.monster (id, hit_points, size_id, armor_class, armor_class_description, monster_name) VALUES (33, 59, 6, 13, 'Natural Armor', 'Awakened Tree');
INSERT INTO dnd.monster_type_relation (monster_id, type_id) VALUES (33, '18');
INSERT INTO dnd.monster_type_relation (monster_id, type_id) VALUES (33, '10');
INSERT INTO dnd.monster (id, hit_points, size_id, armor_class, armor_class_description, monster_name) VALUES (34, 19, 4, 11, '', 'Axe Beak');
INSERT INTO dnd.monster_type_relation (monster_id, type_id) VALUES (34, '18');
INSERT INTO dnd.monster_type_relation (monster_id, type_id) VALUES (34, '17');
INSERT INTO dnd.monster (id, hit_points, size_id, armor_class, armor_class_description, monster_name) VALUES (35, 39, 3, 17, 'Natural Armor, Shield', 'Azer');
INSERT INTO dnd.monster_type_relation (monster_id, type_id) VALUES (35, '9');
INSERT INTO dnd.monster_type_relation (monster_id, type_id) VALUES (35, '7');
INSERT INTO dnd.monster (id, hit_points, size_id, armor_class, armor_class_description, monster_name) VALUES (36, 3, 1, 12, '', 'Baboon');
INSERT INTO dnd.monster_type_relation (monster_id, type_id) VALUES (36, '18');
INSERT INTO dnd.monster_type_relation (monster_id, type_id) VALUES (36, '17');
INSERT INTO dnd.monster (id, hit_points, size_id, armor_class, armor_class_description, monster_name) VALUES (37, 3, 5, 10, '', 'Badger');
INSERT INTO dnd.monster_type_relation (monster_id, type_id) VALUES (37, '18');
INSERT INTO dnd.monster_type_relation (monster_id, type_id) VALUES (37, '17');
INSERT INTO dnd.monster (id, hit_points, size_id, armor_class, armor_class_description, monster_name) VALUES (38, 262, 6, 19, 'Natural Armor', 'Balor');
INSERT INTO dnd.monster_type_relation (monster_id, type_id) VALUES (38, '11');
INSERT INTO dnd.monster_type_relation (monster_id, type_id) VALUES (38, '15');
INSERT INTO dnd.monster (id, hit_points, size_id, armor_class, armor_class_description, monster_name) VALUES (39, 11, 3, 12, 'Leather Armor', 'Bandit');
INSERT INTO dnd.monster_type_relation (monster_id, type_id) VALUES (39, '4');
INSERT INTO dnd.monster_type_relation (monster_id, type_id) VALUES (39, '5');
INSERT INTO dnd.monster (id, hit_points, size_id, armor_class, armor_class_description, monster_name) VALUES (40, 65, 3, 15, 'Studded Leather', 'Bandit Captain');
INSERT INTO dnd.monster_type_relation (monster_id, type_id) VALUES (40, '4');
INSERT INTO dnd.monster_type_relation (monster_id, type_id) VALUES (40, '5');
INSERT INTO dnd.monster (id, hit_points, size_id, armor_class, armor_class_description, monster_name) VALUES (41, 58, 3, 12, '', 'Banshee');
INSERT INTO dnd.monster_type_relation (monster_id, type_id) VALUES (41, '12');
INSERT INTO dnd.monster_type_relation (monster_id, type_id) VALUES (41, '15');
INSERT INTO dnd.monster (id, hit_points, size_id, armor_class, armor_class_description, monster_name) VALUES (42, 110, 3, 15, 'Natural Armor', 'Barbed Devil');
INSERT INTO dnd.monster_type_relation (monster_id, type_id) VALUES (42, '11');
INSERT INTO dnd.monster_type_relation (monster_id, type_id) VALUES (42, '16');
INSERT INTO dnd.monster (id, hit_points, size_id, armor_class, armor_class_description, monster_name) VALUES (43, 52, 3, 15, 'Natural Armor', 'Basilisk');
INSERT INTO dnd.monster_type_relation (monster_id, type_id) VALUES (43, '18');
INSERT INTO dnd.monster_type_relation (monster_id, type_id) VALUES (43, '23');
INSERT INTO dnd.monster (id, hit_points, size_id, armor_class, armor_class_description, monster_name) VALUES (44, 1, 5, 12, '', 'Bat');
INSERT INTO dnd.monster_type_relation (monster_id, type_id) VALUES (44, '18');
INSERT INTO dnd.monster_type_relation (monster_id, type_id) VALUES (44, '17');
INSERT INTO dnd.monster (id, hit_points, size_id, armor_class, armor_class_description, monster_name) VALUES (45, 52, 3, 13, 'Natural Armor', 'Bearded Devil');
INSERT INTO dnd.monster_type_relation (monster_id, type_id) VALUES (45, '11');
INSERT INTO dnd.monster_type_relation (monster_id, type_id) VALUES (45, '16');
INSERT INTO dnd.monster (id, hit_points, size_id, armor_class, armor_class_description, monster_name) VALUES (46, 168, 6, 17, 'Natural Armor', 'Behir');
INSERT INTO dnd.monster_type_relation (monster_id, type_id) VALUES (46, '3');
INSERT INTO dnd.monster_type_relation (monster_id, type_id) VALUES (46, '23');
INSERT INTO dnd.monster (id, hit_points, size_id, armor_class, armor_class_description, monster_name) VALUES (47, 67, 3, 13, 'Hide Armor', 'Berserker');
INSERT INTO dnd.monster_type_relation (monster_id, type_id) VALUES (47, '4');
INSERT INTO dnd.monster_type_relation (monster_id, type_id) VALUES (47, '5');
INSERT INTO dnd.monster (id, hit_points, size_id, armor_class, armor_class_description, monster_name) VALUES (48, 19, 3, 11, 'Natural Armor', 'Black Bear');
INSERT INTO dnd.monster_type_relation (monster_id, type_id) VALUES (48, '18');
INSERT INTO dnd.monster_type_relation (monster_id, type_id) VALUES (48, '17');
INSERT INTO dnd.monster (id, hit_points, size_id, armor_class, armor_class_description, monster_name) VALUES (49, 33, 3, 17, 'Natural Armor', 'Black Dragon Wyrmling');
INSERT INTO dnd.monster_type_relation (monster_id, type_id) VALUES (49, '15');
INSERT INTO dnd.monster_type_relation (monster_id, type_id) VALUES (49, '6');
INSERT INTO dnd.monster (id, hit_points, size_id, armor_class, armor_class_description, monster_name) VALUES (50, 85, 4, 7, '', 'Black Pudding');
INSERT INTO dnd.monster_type_relation (monster_id, type_id) VALUES (50, '18');
INSERT INTO dnd.monster_type_relation (monster_id, type_id) VALUES (50, '8');
INSERT INTO dnd.monster (id, hit_points, size_id, armor_class, armor_class_description, monster_name) VALUES (51, 22, 3, 13, '', 'Blink Dog');
INSERT INTO dnd.monster_type_relation (monster_id, type_id) VALUES (51, '21');
INSERT INTO dnd.monster_type_relation (monster_id, type_id) VALUES (51, '24');
INSERT INTO dnd.monster (id, hit_points, size_id, armor_class, armor_class_description, monster_name) VALUES (52, 7, 1, 12, '', 'Blood Hawk');
INSERT INTO dnd.monster_type_relation (monster_id, type_id) VALUES (52, '18');
INSERT INTO dnd.monster_type_relation (monster_id, type_id) VALUES (52, '17');
INSERT INTO dnd.monster (id, hit_points, size_id, armor_class, armor_class_description, monster_name) VALUES (53, 52, 3, 17, 'Natural Armor', 'Blue Dragon Wyrmling');
INSERT INTO dnd.monster_type_relation (monster_id, type_id) VALUES (53, '6');
INSERT INTO dnd.monster_type_relation (monster_id, type_id) VALUES (53, '16');
INSERT INTO dnd.monster (id, hit_points, size_id, armor_class, armor_class_description, monster_name) VALUES (54, 11, 3, 11, 'Natural Armor', 'Boar');
INSERT INTO dnd.monster_type_relation (monster_id, type_id) VALUES (54, '18');
INSERT INTO dnd.monster_type_relation (monster_id, type_id) VALUES (54, '17');
INSERT INTO dnd.monster (id, hit_points, size_id, armor_class, armor_class_description, monster_name) VALUES (55, 142, 4, 19, 'Natural Armor', 'Bone Devil');
INSERT INTO dnd.monster_type_relation (monster_id, type_id) VALUES (55, '11');
INSERT INTO dnd.monster_type_relation (monster_id, type_id) VALUES (55, '16');
INSERT INTO dnd.monster (id, hit_points, size_id, armor_class, armor_class_description, monster_name) VALUES (56, 16, 3, 16, 'Natural Armor', 'Brass Dragon Wyrmling');
INSERT INTO dnd.monster_type_relation (monster_id, type_id) VALUES (56, '2');
INSERT INTO dnd.monster_type_relation (monster_id, type_id) VALUES (56, '6');
INSERT INTO dnd.monster (id, hit_points, size_id, armor_class, armor_class_description, monster_name) VALUES (57, 32, 3, 17, 'Natural Armor', 'Bronze Dragon Wyrmling');
INSERT INTO dnd.monster_type_relation (monster_id, type_id) VALUES (57, '21');
INSERT INTO dnd.monster_type_relation (monster_id, type_id) VALUES (57, '6');
INSERT INTO dnd.monster (id, hit_points, size_id, armor_class, armor_class_description, monster_name) VALUES (58, 34, 4, 11, 'Natural Armor', 'Brown Bear');
INSERT INTO dnd.monster_type_relation (monster_id, type_id) VALUES (58, '18');
INSERT INTO dnd.monster_type_relation (monster_id, type_id) VALUES (58, '17');
INSERT INTO dnd.monster (id, hit_points, size_id, armor_class, armor_class_description, monster_name) VALUES (59, 27, 3, 16, 'Hide Armor, Shield', 'Bugbear');
INSERT INTO dnd.monster_type_relation (monster_id, type_id) VALUES (59, '4');
INSERT INTO dnd.monster_type_relation (monster_id, type_id) VALUES (59, '15');
INSERT INTO dnd.monster (id, hit_points, size_id, armor_class, armor_class_description, monster_name) VALUES (60, 94, 4, 17, 'Natural Armor', 'Bulette');
INSERT INTO dnd.monster_type_relation (monster_id, type_id) VALUES (60, '18');
INSERT INTO dnd.monster_type_relation (monster_id, type_id) VALUES (60, '23');
INSERT INTO dnd.monster (id, hit_points, size_id, armor_class, armor_class_description, monster_name) VALUES (61, 15, 4, 9, '', 'Camel');
INSERT INTO dnd.monster_type_relation (monster_id, type_id) VALUES (61, '18');
INSERT INTO dnd.monster_type_relation (monster_id, type_id) VALUES (61, '17');
INSERT INTO dnd.monster (id, hit_points, size_id, armor_class, armor_class_description, monster_name) VALUES (62, 2, 5, 12, '', 'Cat');
INSERT INTO dnd.monster_type_relation (monster_id, type_id) VALUES (62, '18');
INSERT INTO dnd.monster_type_relation (monster_id, type_id) VALUES (62, '17');
INSERT INTO dnd.monster (id, hit_points, size_id, armor_class, armor_class_description, monster_name) VALUES (63, 45, 4, 12, '', 'Centaur');
INSERT INTO dnd.monster_type_relation (monster_id, type_id) VALUES (63, '20');
INSERT INTO dnd.monster_type_relation (monster_id, type_id) VALUES (63, '23');
INSERT INTO dnd.monster (id, hit_points, size_id, armor_class, armor_class_description, monster_name) VALUES (64, 85, 3, 16, 'Natural Armor', 'Chain Devil');
INSERT INTO dnd.monster_type_relation (monster_id, type_id) VALUES (64, '11');
INSERT INTO dnd.monster_type_relation (monster_id, type_id) VALUES (64, '16');
INSERT INTO dnd.monster (id, hit_points, size_id, armor_class, armor_class_description, monster_name) VALUES (65, 114, 4, 14, 'Natural Armor', 'Chimera');
INSERT INTO dnd.monster_type_relation (monster_id, type_id) VALUES (65, '15');
INSERT INTO dnd.monster_type_relation (monster_id, type_id) VALUES (65, '23');
INSERT INTO dnd.monster (id, hit_points, size_id, armor_class, armor_class_description, monster_name) VALUES (66, 93, 4, 16, 'Natural Armor', 'Chuul');
INSERT INTO dnd.monster_type_relation (monster_id, type_id) VALUES (66, '15');
INSERT INTO dnd.monster_type_relation (monster_id, type_id) VALUES (66, '22');
INSERT INTO dnd.monster (id, hit_points, size_id, armor_class, armor_class_description, monster_name) VALUES (67, 133, 4, 14, 'Natural Armor', 'Clay Golem');
INSERT INTO dnd.monster_type_relation (monster_id, type_id) VALUES (67, '18');
INSERT INTO dnd.monster_type_relation (monster_id, type_id) VALUES (67, '19');
INSERT INTO dnd.monster (id, hit_points, size_id, armor_class, armor_class_description, monster_name) VALUES (68, 78, 4, 14, 'Natural Armor', 'Cloaker');
INSERT INTO dnd.monster_type_relation (monster_id, type_id) VALUES (68, '22');
INSERT INTO dnd.monster_type_relation (monster_id, type_id) VALUES (68, '14');
INSERT INTO dnd.monster (id, hit_points, size_id, armor_class, armor_class_description, monster_name) VALUES (69, 200, 6, 14, 'Natural Armor', 'Cloud Giant');
INSERT INTO dnd.monster_type_relation (monster_id, type_id) VALUES (69, '1');
INSERT INTO dnd.monster_type_relation (monster_id, type_id) VALUES (69, '25');
INSERT INTO dnd.monster (id, hit_points, size_id, armor_class, armor_class_description, monster_name) VALUES (70, 27, 1, 11, '', 'Cockatrice');
INSERT INTO dnd.monster_type_relation (monster_id, type_id) VALUES (70, '18');
INSERT INTO dnd.monster_type_relation (monster_id, type_id) VALUES (70, '23');
INSERT INTO dnd.monster (id, hit_points, size_id, armor_class, armor_class_description, monster_name) VALUES (71, 4, 3, 10, '', 'Commoner');
INSERT INTO dnd.monster_type_relation (monster_id, type_id) VALUES (71, '4');
INSERT INTO dnd.monster_type_relation (monster_id, type_id) VALUES (71, '5');
INSERT INTO dnd.monster (id, hit_points, size_id, armor_class, armor_class_description, monster_name) VALUES (72, 13, 4, 12, '', 'Constrictor Snake');
INSERT INTO dnd.monster_type_relation (monster_id, type_id) VALUES (72, '18');
INSERT INTO dnd.monster_type_relation (monster_id, type_id) VALUES (72, '17');
INSERT INTO dnd.monster (id, hit_points, size_id, armor_class, armor_class_description, monster_name) VALUES (73, 22, 3, 16, 'Natural Armor', 'Copper Dragon Wyrmling');
INSERT INTO dnd.monster_type_relation (monster_id, type_id) VALUES (73, '2');
INSERT INTO dnd.monster_type_relation (monster_id, type_id) VALUES (73, '6');
INSERT INTO dnd.monster (id, hit_points, size_id, armor_class, armor_class_description, monster_name) VALUES (74, 97, 3, 19, 'Natural Armor', 'Couatl');
INSERT INTO dnd.monster_type_relation (monster_id, type_id) VALUES (74, '21');
INSERT INTO dnd.monster_type_relation (monster_id, type_id) VALUES (74, '26');
INSERT INTO dnd.monster (id, hit_points, size_id, armor_class, armor_class_description, monster_name) VALUES (75, 2, 5, 11, 'Natural Armor', 'Crab');
INSERT INTO dnd.monster_type_relation (monster_id, type_id) VALUES (75, '18');
INSERT INTO dnd.monster_type_relation (monster_id, type_id) VALUES (75, '17');
INSERT INTO dnd.monster (id, hit_points, size_id, armor_class, armor_class_description, monster_name) VALUES (76, 19, 4, 12, 'Natural Armor', 'Crocodile');
INSERT INTO dnd.monster_type_relation (monster_id, type_id) VALUES (76, '18');
INSERT INTO dnd.monster_type_relation (monster_id, type_id) VALUES (76, '17');
INSERT INTO dnd.monster (id, hit_points, size_id, armor_class, armor_class_description, monster_name) VALUES (77, 33, 3, 13, 'Leather Armor', 'Cult Fanatic');
INSERT INTO dnd.monster_type_relation (monster_id, type_id) VALUES (77, '4');
INSERT INTO dnd.monster_type_relation (monster_id, type_id) VALUES (77, '5');
INSERT INTO dnd.monster (id, hit_points, size_id, armor_class, armor_class_description, monster_name) VALUES (78, 9, 3, 12, 'Leather Armor', 'Cultist');
INSERT INTO dnd.monster_type_relation (monster_id, type_id) VALUES (78, '4');
INSERT INTO dnd.monster_type_relation (monster_id, type_id) VALUES (78, '5');
INSERT INTO dnd.monster (id, hit_points, size_id, armor_class, armor_class_description, monster_name) VALUES (79, 138, 6, 14, 'Natural Armor', 'Cyclops');
INSERT INTO dnd.monster_type_relation (monster_id, type_id) VALUES (79, '25');
INSERT INTO dnd.monster_type_relation (monster_id, type_id) VALUES (79, '14');
INSERT INTO dnd.monster (id, hit_points, size_id, armor_class, armor_class_description, monster_name) VALUES (80, 22, 1, 11, '', 'Darkmantle');
INSERT INTO dnd.monster_type_relation (monster_id, type_id) VALUES (80, '18');
INSERT INTO dnd.monster_type_relation (monster_id, type_id) VALUES (80, '23');
INSERT INTO dnd.monster (id, hit_points, size_id, armor_class, armor_class_description, monster_name) VALUES (81, 39, 3, 12, '', 'Death Dog');
INSERT INTO dnd.monster_type_relation (monster_id, type_id) VALUES (81, '3');
INSERT INTO dnd.monster_type_relation (monster_id, type_id) VALUES (81, '23');
INSERT INTO dnd.monster (id, hit_points, size_id, armor_class, armor_class_description, monster_name) VALUES (82, 16, 1, 15, 'Chain Shirt', 'Deep Gnome (Svirfneblin)');
INSERT INTO dnd.monster_type_relation (monster_id, type_id) VALUES (82, '4');
INSERT INTO dnd.monster_type_relation (monster_id, type_id) VALUES (82, '20');
INSERT INTO dnd.monster (id, hit_points, size_id, armor_class, armor_class_description, monster_name) VALUES (83, 4, 3, 13, '', 'Deer');
INSERT INTO dnd.monster_type_relation (monster_id, type_id) VALUES (83, '18');
INSERT INTO dnd.monster_type_relation (monster_id, type_id) VALUES (83, '17');
INSERT INTO dnd.monster (id, hit_points, size_id, armor_class, armor_class_description, monster_name) VALUES (84, 136, 3, 17, 'Natural Armor', 'Deva');
INSERT INTO dnd.monster_type_relation (monster_id, type_id) VALUES (84, '21');
INSERT INTO dnd.monster_type_relation (monster_id, type_id) VALUES (84, '26');
INSERT INTO dnd.monster (id, hit_points, size_id, armor_class, armor_class_description, monster_name) VALUES (85, 37, 4, 14, 'Natural Armor', 'Dire Wolf');
INSERT INTO dnd.monster_type_relation (monster_id, type_id) VALUES (85, '18');
INSERT INTO dnd.monster_type_relation (monster_id, type_id) VALUES (85, '17');
INSERT INTO dnd.monster (id, hit_points, size_id, armor_class, armor_class_description, monster_name) VALUES (86, 161, 4, 17, 'Natural Armor', 'Djinni');
INSERT INTO dnd.monster_type_relation (monster_id, type_id) VALUES (86, '2');
INSERT INTO dnd.monster_type_relation (monster_id, type_id) VALUES (86, '7');
INSERT INTO dnd.monster (id, hit_points, size_id, armor_class, armor_class_description, monster_name) VALUES (87, 52, 3, 14, '', 'Doppelganger');
INSERT INTO dnd.monster_type_relation (monster_id, type_id) VALUES (87, '1');
INSERT INTO dnd.monster_type_relation (monster_id, type_id) VALUES (87, '23');
INSERT INTO dnd.monster (id, hit_points, size_id, armor_class, armor_class_description, monster_name) VALUES (88, 19, 4, 10, '', 'Draft Horse');
INSERT INTO dnd.monster_type_relation (monster_id, type_id) VALUES (88, '18');
INSERT INTO dnd.monster_type_relation (monster_id, type_id) VALUES (88, '17');
INSERT INTO dnd.monster (id, hit_points, size_id, armor_class, armor_class_description, monster_name) VALUES (89, 341, 2, 20, 'Natural Armor', 'Dragon Turtle');
INSERT INTO dnd.monster_type_relation (monster_id, type_id) VALUES (89, '1');
INSERT INTO dnd.monster_type_relation (monster_id, type_id) VALUES (89, '6');
INSERT INTO dnd.monster (id, hit_points, size_id, armor_class, armor_class_description, monster_name) VALUES (90, 18, 1, 11, 'Natural Armor', 'Dretch');
INSERT INTO dnd.monster_type_relation (monster_id, type_id) VALUES (90, '11');
INSERT INTO dnd.monster_type_relation (monster_id, type_id) VALUES (90, '15');
INSERT INTO dnd.monster (id, hit_points, size_id, armor_class, armor_class_description, monster_name) VALUES (91, 123, 4, 19, 'Natural Armor', 'Drider');
INSERT INTO dnd.monster_type_relation (monster_id, type_id) VALUES (91, '15');
INSERT INTO dnd.monster_type_relation (monster_id, type_id) VALUES (91, '23');
INSERT INTO dnd.monster (id, hit_points, size_id, armor_class, armor_class_description, monster_name) VALUES (92, 13, 3, 15, 'Chain Shirt', 'Drow');
INSERT INTO dnd.monster_type_relation (monster_id, type_id) VALUES (92, '3');
INSERT INTO dnd.monster_type_relation (monster_id, type_id) VALUES (92, '4');
INSERT INTO dnd.monster (id, hit_points, size_id, armor_class, armor_class_description, monster_name) VALUES (93, 27, 3, 11, '16 With Barkskin', 'Druid');
INSERT INTO dnd.monster_type_relation (monster_id, type_id) VALUES (93, '4');
INSERT INTO dnd.monster_type_relation (monster_id, type_id) VALUES (93, '5');
INSERT INTO dnd.monster (id, hit_points, size_id, armor_class, armor_class_description, monster_name) VALUES (94, 22, 3, 11, '16 With Barkskin', 'Dryad');
INSERT INTO dnd.monster_type_relation (monster_id, type_id) VALUES (94, '1');
INSERT INTO dnd.monster_type_relation (monster_id, type_id) VALUES (94, '24');
INSERT INTO dnd.monster (id, hit_points, size_id, armor_class, armor_class_description, monster_name) VALUES (95, 26, 3, 16, 'Scale Mail, Shield', 'Duergar');
INSERT INTO dnd.monster_type_relation (monster_id, type_id) VALUES (95, '4');
INSERT INTO dnd.monster_type_relation (monster_id, type_id) VALUES (95, '16');
INSERT INTO dnd.monster (id, hit_points, size_id, armor_class, armor_class_description, monster_name) VALUES (96, 17, 1, 12, '', 'Dust Mephit');
INSERT INTO dnd.monster_type_relation (monster_id, type_id) VALUES (96, '3');
INSERT INTO dnd.monster_type_relation (monster_id, type_id) VALUES (96, '7');
INSERT INTO dnd.monster (id, hit_points, size_id, armor_class, armor_class_description, monster_name) VALUES (97, 3, 1, 12, '', 'Eagle');
INSERT INTO dnd.monster_type_relation (monster_id, type_id) VALUES (97, '18');
INSERT INTO dnd.monster_type_relation (monster_id, type_id) VALUES (97, '17');
INSERT INTO dnd.monster (id, hit_points, size_id, armor_class, armor_class_description, monster_name) VALUES (98, 126, 4, 17, 'Natural Armor', 'Earth Elemental');
INSERT INTO dnd.monster_type_relation (monster_id, type_id) VALUES (98, '1');
INSERT INTO dnd.monster_type_relation (monster_id, type_id) VALUES (98, '7');
INSERT INTO dnd.monster (id, hit_points, size_id, armor_class, armor_class_description, monster_name) VALUES (99, 200, 4, 17, 'Natural Armor', 'Efreeti');
INSERT INTO dnd.monster_type_relation (monster_id, type_id) VALUES (99, '7');
INSERT INTO dnd.monster_type_relation (monster_id, type_id) VALUES (99, '16');
INSERT INTO dnd.monster (id, hit_points, size_id, armor_class, armor_class_description, monster_name) VALUES (100, 76, 6, 12, 'Natural Armor', 'Elephant');
INSERT INTO dnd.monster_type_relation (monster_id, type_id) VALUES (100, '18');
INSERT INTO dnd.monster_type_relation (monster_id, type_id) VALUES (100, '17');
INSERT INTO dnd.monster (id, hit_points, size_id, armor_class, armor_class_description, monster_name) VALUES (101, 13, 4, 10, '', 'Elk');
INSERT INTO dnd.monster_type_relation (monster_id, type_id) VALUES (101, '18');
INSERT INTO dnd.monster_type_relation (monster_id, type_id) VALUES (101, '17');
INSERT INTO dnd.monster (id, hit_points, size_id, armor_class, armor_class_description, monster_name) VALUES (102, 153, 3, 18, 'Plate', 'Erinyes');
INSERT INTO dnd.monster_type_relation (monster_id, type_id) VALUES (102, '11');
INSERT INTO dnd.monster_type_relation (monster_id, type_id) VALUES (102, '16');
INSERT INTO dnd.monster (id, hit_points, size_id, armor_class, armor_class_description, monster_name) VALUES (103, 44, 3, 13, 'Natural Armor', 'Ettercap');
INSERT INTO dnd.monster_type_relation (monster_id, type_id) VALUES (103, '3');
INSERT INTO dnd.monster_type_relation (monster_id, type_id) VALUES (103, '23');
INSERT INTO dnd.monster (id, hit_points, size_id, armor_class, armor_class_description, monster_name) VALUES (104, 85, 4, 12, 'Natural Armor', 'Ettin');
INSERT INTO dnd.monster_type_relation (monster_id, type_id) VALUES (104, '15');
INSERT INTO dnd.monster_type_relation (monster_id, type_id) VALUES (104, '25');
INSERT INTO dnd.monster (id, hit_points, size_id, armor_class, armor_class_description, monster_name) VALUES (105, 102, 4, 13, '', 'Fire Elemental');
INSERT INTO dnd.monster_type_relation (monster_id, type_id) VALUES (105, '1');
INSERT INTO dnd.monster_type_relation (monster_id, type_id) VALUES (105, '7');
INSERT INTO dnd.monster (id, hit_points, size_id, armor_class, armor_class_description, monster_name) VALUES (106, 162, 6, 18, 'Plate', 'Fire Giant');
INSERT INTO dnd.monster_type_relation (monster_id, type_id) VALUES (106, '25');
INSERT INTO dnd.monster_type_relation (monster_id, type_id) VALUES (106, '16');
INSERT INTO dnd.monster (id, hit_points, size_id, armor_class, armor_class_description, monster_name) VALUES (107, 40, 5, 13, '', 'Flameskull');
INSERT INTO dnd.monster_type_relation (monster_id, type_id) VALUES (107, '3');
INSERT INTO dnd.monster_type_relation (monster_id, type_id) VALUES (107, '12');
INSERT INTO dnd.monster (id, hit_points, size_id, armor_class, armor_class_description, monster_name) VALUES (108, 93, 3, 9, '', 'Flesh Golem');
INSERT INTO dnd.monster_type_relation (monster_id, type_id) VALUES (108, '1');
INSERT INTO dnd.monster_type_relation (monster_id, type_id) VALUES (108, '19');
INSERT INTO dnd.monster (id, hit_points, size_id, armor_class, armor_class_description, monster_name) VALUES (109, 5, 5, 14, '', 'Flying Snake');
INSERT INTO dnd.monster_type_relation (monster_id, type_id) VALUES (109, '18');
INSERT INTO dnd.monster_type_relation (monster_id, type_id) VALUES (109, '17');
INSERT INTO dnd.monster (id, hit_points, size_id, armor_class, armor_class_description, monster_name) VALUES (110, 17, 1, 17, 'Natural Armor', 'Flying Sword');
INSERT INTO dnd.monster_type_relation (monster_id, type_id) VALUES (110, '18');
INSERT INTO dnd.monster_type_relation (monster_id, type_id) VALUES (110, '19');
INSERT INTO dnd.monster (id, hit_points, size_id, armor_class, armor_class_description, monster_name) VALUES (111, 1, 5, 11, '', 'Frog');
INSERT INTO dnd.monster_type_relation (monster_id, type_id) VALUES (111, '18');
INSERT INTO dnd.monster_type_relation (monster_id, type_id) VALUES (111, '17');
INSERT INTO dnd.monster (id, hit_points, size_id, armor_class, armor_class_description, monster_name) VALUES (112, 138, 6, 15, 'Patchwork Armor', 'Frost Giant');
INSERT INTO dnd.monster_type_relation (monster_id, type_id) VALUES (112, '3');
INSERT INTO dnd.monster_type_relation (monster_id, type_id) VALUES (112, '25');
INSERT INTO dnd.monster (id, hit_points, size_id, armor_class, armor_class_description, monster_name) VALUES (113, 52, 3, 15, 'Natural Armor', 'Gargoyle');
INSERT INTO dnd.monster_type_relation (monster_id, type_id) VALUES (113, '15');
INSERT INTO dnd.monster_type_relation (monster_id, type_id) VALUES (113, '7');
INSERT INTO dnd.monster (id, hit_points, size_id, armor_class, armor_class_description, monster_name) VALUES (114, 84, 4, 6, '', 'Gelatinous Cube');
INSERT INTO dnd.monster_type_relation (monster_id, type_id) VALUES (114, '18');
INSERT INTO dnd.monster_type_relation (monster_id, type_id) VALUES (114, '8');
INSERT INTO dnd.monster (id, hit_points, size_id, armor_class, armor_class_description, monster_name) VALUES (115, 36, 3, 13, '', 'Ghast');
INSERT INTO dnd.monster_type_relation (monster_id, type_id) VALUES (115, '12');
INSERT INTO dnd.monster_type_relation (monster_id, type_id) VALUES (115, '15');
INSERT INTO dnd.monster (id, hit_points, size_id, armor_class, armor_class_description, monster_name) VALUES (116, 45, 3, 11, '', 'Ghost');
INSERT INTO dnd.monster_type_relation (monster_id, type_id) VALUES (116, '12');
INSERT INTO dnd.monster_type_relation (monster_id, type_id) VALUES (116, '5');
INSERT INTO dnd.monster (id, hit_points, size_id, armor_class, armor_class_description, monster_name) VALUES (117, 22, 3, 12, '', 'Ghoul');
INSERT INTO dnd.monster_type_relation (monster_id, type_id) VALUES (117, '12');
INSERT INTO dnd.monster_type_relation (monster_id, type_id) VALUES (117, '15');
INSERT INTO dnd.monster (id, hit_points, size_id, armor_class, armor_class_description, monster_name) VALUES (118, 157, 6, 12, '', 'Giant Ape');
INSERT INTO dnd.monster_type_relation (monster_id, type_id) VALUES (118, '18');
INSERT INTO dnd.monster_type_relation (monster_id, type_id) VALUES (118, '17');
INSERT INTO dnd.monster (id, hit_points, size_id, armor_class, armor_class_description, monster_name) VALUES (119, 13, 3, 10, '', 'Giant Badger');
INSERT INTO dnd.monster_type_relation (monster_id, type_id) VALUES (119, '18');
INSERT INTO dnd.monster_type_relation (monster_id, type_id) VALUES (119, '17');
INSERT INTO dnd.monster (id, hit_points, size_id, armor_class, armor_class_description, monster_name) VALUES (120, 22, 4, 13, '', 'Giant Bat');
INSERT INTO dnd.monster_type_relation (monster_id, type_id) VALUES (120, '18');
INSERT INTO dnd.monster_type_relation (monster_id, type_id) VALUES (120, '17');
INSERT INTO dnd.monster (id, hit_points, size_id, armor_class, armor_class_description, monster_name) VALUES (121, 42, 4, 12, 'Natural Armor', 'Giant Boar');
INSERT INTO dnd.monster_type_relation (monster_id, type_id) VALUES (121, '18');
INSERT INTO dnd.monster_type_relation (monster_id, type_id) VALUES (121, '17');
INSERT INTO dnd.monster (id, hit_points, size_id, armor_class, armor_class_description, monster_name) VALUES (122, 4, 1, 13, 'Natural Armor', 'Giant Centipede');
INSERT INTO dnd.monster_type_relation (monster_id, type_id) VALUES (122, '18');
INSERT INTO dnd.monster_type_relation (monster_id, type_id) VALUES (122, '17');
INSERT INTO dnd.monster (id, hit_points, size_id, armor_class, armor_class_description, monster_name) VALUES (123, 60, 6, 12, '', 'Giant Constrictor Snake');
INSERT INTO dnd.monster_type_relation (monster_id, type_id) VALUES (123, '18');
INSERT INTO dnd.monster_type_relation (monster_id, type_id) VALUES (123, '17');
INSERT INTO dnd.monster (id, hit_points, size_id, armor_class, armor_class_description, monster_name) VALUES (124, 13, 3, 15, 'Natural Armor', 'Giant Crab');
INSERT INTO dnd.monster_type_relation (monster_id, type_id) VALUES (124, '18');
INSERT INTO dnd.monster_type_relation (monster_id, type_id) VALUES (124, '17');
INSERT INTO dnd.monster (id, hit_points, size_id, armor_class, armor_class_description, monster_name) VALUES (125, 85, 6, 14, 'Natural Armor', 'Giant Crocodile');
INSERT INTO dnd.monster_type_relation (monster_id, type_id) VALUES (125, '18');
INSERT INTO dnd.monster_type_relation (monster_id, type_id) VALUES (125, '17');
INSERT INTO dnd.monster (id, hit_points, size_id, armor_class, armor_class_description, monster_name) VALUES (126, 26, 4, 13, '', 'Giant Eagle');
INSERT INTO dnd.monster_type_relation (monster_id, type_id) VALUES (126, '20');
INSERT INTO dnd.monster_type_relation (monster_id, type_id) VALUES (126, '17');
INSERT INTO dnd.monster (id, hit_points, size_id, armor_class, armor_class_description, monster_name) VALUES (127, 42, 6, 14, 'Natural Armor', 'Giant Elk');
INSERT INTO dnd.monster_type_relation (monster_id, type_id) VALUES (127, '18');
INSERT INTO dnd.monster_type_relation (monster_id, type_id) VALUES (127, '17');
INSERT INTO dnd.monster (id, hit_points, size_id, armor_class, armor_class_description, monster_name) VALUES (128, 4, 1, 13, 'Natural Armor', 'Giant Fire Beetle');
INSERT INTO dnd.monster_type_relation (monster_id, type_id) VALUES (128, '18');
INSERT INTO dnd.monster_type_relation (monster_id, type_id) VALUES (128, '17');
INSERT INTO dnd.monster (id, hit_points, size_id, armor_class, armor_class_description, monster_name) VALUES (129, 18, 3, 11, '', 'Giant Frog');
INSERT INTO dnd.monster_type_relation (monster_id, type_id) VALUES (129, '18');
INSERT INTO dnd.monster_type_relation (monster_id, type_id) VALUES (129, '17');
INSERT INTO dnd.monster (id, hit_points, size_id, armor_class, armor_class_description, monster_name) VALUES (130, 19, 4, 11, 'Natural Armor', 'Giant Goat');
INSERT INTO dnd.monster_type_relation (monster_id, type_id) VALUES (130, '18');
INSERT INTO dnd.monster_type_relation (monster_id, type_id) VALUES (130, '17');
INSERT INTO dnd.monster (id, hit_points, size_id, armor_class, armor_class_description, monster_name) VALUES (131, 45, 4, 12, '', 'Giant Hyena');
INSERT INTO dnd.monster_type_relation (monster_id, type_id) VALUES (131, '18');
INSERT INTO dnd.monster_type_relation (monster_id, type_id) VALUES (131, '17');
INSERT INTO dnd.monster (id, hit_points, size_id, armor_class, armor_class_description, monster_name) VALUES (132, 19, 4, 12, 'Natural Armor', 'Giant Lizard');
INSERT INTO dnd.monster_type_relation (monster_id, type_id) VALUES (132, '18');
INSERT INTO dnd.monster_type_relation (monster_id, type_id) VALUES (132, '17');
INSERT INTO dnd.monster (id, hit_points, size_id, armor_class, armor_class_description, monster_name) VALUES (133, 52, 4, 11, '', 'Giant Octopus');
INSERT INTO dnd.monster_type_relation (monster_id, type_id) VALUES (133, '18');
INSERT INTO dnd.monster_type_relation (monster_id, type_id) VALUES (133, '17');
INSERT INTO dnd.monster (id, hit_points, size_id, armor_class, armor_class_description, monster_name) VALUES (134, 19, 4, 12, '', 'Giant Owl');
INSERT INTO dnd.monster_type_relation (monster_id, type_id) VALUES (134, '1');
INSERT INTO dnd.monster_type_relation (monster_id, type_id) VALUES (134, '17');
INSERT INTO dnd.monster (id, hit_points, size_id, armor_class, armor_class_description, monster_name) VALUES (135, 11, 3, 14, '', 'Giant Poisonous Snake');
INSERT INTO dnd.monster_type_relation (monster_id, type_id) VALUES (135, '18');
INSERT INTO dnd.monster_type_relation (monster_id, type_id) VALUES (135, '17');
INSERT INTO dnd.monster (id, hit_points, size_id, armor_class, armor_class_description, monster_name) VALUES (136, 7, 1, 12, '', 'Giant Rat');
INSERT INTO dnd.monster_type_relation (monster_id, type_id) VALUES (136, '18');
INSERT INTO dnd.monster_type_relation (monster_id, type_id) VALUES (136, '17');
INSERT INTO dnd.monster (id, hit_points, size_id, armor_class, armor_class_description, monster_name) VALUES (137, 52, 4, 15, 'Natural Armor', 'Giant Scorpion');
INSERT INTO dnd.monster_type_relation (monster_id, type_id) VALUES (137, '18');
INSERT INTO dnd.monster_type_relation (monster_id, type_id) VALUES (137, '17');
INSERT INTO dnd.monster (id, hit_points, size_id, armor_class, armor_class_description, monster_name) VALUES (138, 16, 4, 13, 'Natural Armor', 'Giant Sea Horse');
INSERT INTO dnd.monster_type_relation (monster_id, type_id) VALUES (138, '18');
INSERT INTO dnd.monster_type_relation (monster_id, type_id) VALUES (138, '17');
INSERT INTO dnd.monster (id, hit_points, size_id, armor_class, armor_class_description, monster_name) VALUES (139, 126, 6, 13, 'Natural Armor', 'Giant Shark');
INSERT INTO dnd.monster_type_relation (monster_id, type_id) VALUES (139, '18');
INSERT INTO dnd.monster_type_relation (monster_id, type_id) VALUES (139, '17');
INSERT INTO dnd.monster (id, hit_points, size_id, armor_class, armor_class_description, monster_name) VALUES (140, 26, 4, 14, 'Natural Armor', 'Giant Spider');
INSERT INTO dnd.monster_type_relation (monster_id, type_id) VALUES (140, '18');
INSERT INTO dnd.monster_type_relation (monster_id, type_id) VALUES (140, '17');
INSERT INTO dnd.monster (id, hit_points, size_id, armor_class, armor_class_description, monster_name) VALUES (141, 39, 4, 11, '', 'Giant Toad');
INSERT INTO dnd.monster_type_relation (monster_id, type_id) VALUES (141, '18');
INSERT INTO dnd.monster_type_relation (monster_id, type_id) VALUES (141, '17');
INSERT INTO dnd.monster (id, hit_points, size_id, armor_class, armor_class_description, monster_name) VALUES (142, 22, 4, 10, '', 'Giant Vulture');
INSERT INTO dnd.monster_type_relation (monster_id, type_id) VALUES (142, '1');
INSERT INTO dnd.monster_type_relation (monster_id, type_id) VALUES (142, '17');
INSERT INTO dnd.monster (id, hit_points, size_id, armor_class, armor_class_description, monster_name) VALUES (143, 13, 3, 12, '', 'Giant Wasp');
INSERT INTO dnd.monster_type_relation (monster_id, type_id) VALUES (143, '18');
INSERT INTO dnd.monster_type_relation (monster_id, type_id) VALUES (143, '17');
INSERT INTO dnd.monster (id, hit_points, size_id, armor_class, armor_class_description, monster_name) VALUES (144, 9, 3, 13, '', 'Giant Weasel');
INSERT INTO dnd.monster_type_relation (monster_id, type_id) VALUES (144, '18');
INSERT INTO dnd.monster_type_relation (monster_id, type_id) VALUES (144, '17');
INSERT INTO dnd.monster (id, hit_points, size_id, armor_class, armor_class_description, monster_name) VALUES (145, 11, 3, 13, '', 'Giant Wolf Spider');
INSERT INTO dnd.monster_type_relation (monster_id, type_id) VALUES (145, '18');
INSERT INTO dnd.monster_type_relation (monster_id, type_id) VALUES (145, '17');
INSERT INTO dnd.monster (id, hit_points, size_id, armor_class, armor_class_description, monster_name) VALUES (146, 67, 3, 9, '', 'Gibbering Mouther');
INSERT INTO dnd.monster_type_relation (monster_id, type_id) VALUES (146, '1');
INSERT INTO dnd.monster_type_relation (monster_id, type_id) VALUES (146, '22');
INSERT INTO dnd.monster (id, hit_points, size_id, armor_class, armor_class_description, monster_name) VALUES (147, 157, 4, 17, 'Natural Armor', 'Glabrezu');
INSERT INTO dnd.monster_type_relation (monster_id, type_id) VALUES (147, '11');
INSERT INTO dnd.monster_type_relation (monster_id, type_id) VALUES (147, '15');
INSERT INTO dnd.monster (id, hit_points, size_id, armor_class, armor_class_description, monster_name) VALUES (148, 112, 3, 16, 'Studded Leather, Shield', 'Gladiator');
INSERT INTO dnd.monster_type_relation (monster_id, type_id) VALUES (148, '4');
INSERT INTO dnd.monster_type_relation (monster_id, type_id) VALUES (148, '5');
INSERT INTO dnd.monster (id, hit_points, size_id, armor_class, armor_class_description, monster_name) VALUES (149, 22, 3, 15, 'Hide Armor, Shield', 'Gnoll');
INSERT INTO dnd.monster_type_relation (monster_id, type_id) VALUES (149, '4');
INSERT INTO dnd.monster_type_relation (monster_id, type_id) VALUES (149, '15');
INSERT INTO dnd.monster (id, hit_points, size_id, armor_class, armor_class_description, monster_name) VALUES (150, 4, 3, 10, '', 'Goat');
INSERT INTO dnd.monster_type_relation (monster_id, type_id) VALUES (150, '18');
INSERT INTO dnd.monster_type_relation (monster_id, type_id) VALUES (150, '17');
INSERT INTO dnd.monster (id, hit_points, size_id, armor_class, armor_class_description, monster_name) VALUES (151, 7, 1, 15, 'Leather Armor, Shield', 'Goblin');
INSERT INTO dnd.monster_type_relation (monster_id, type_id) VALUES (151, '3');
INSERT INTO dnd.monster_type_relation (monster_id, type_id) VALUES (151, '4');
INSERT INTO dnd.monster (id, hit_points, size_id, armor_class, armor_class_description, monster_name) VALUES (152, 60, 3, 17, 'Natural Armor', 'Gold Dragon Wyrmling');
INSERT INTO dnd.monster_type_relation (monster_id, type_id) VALUES (152, '21');
INSERT INTO dnd.monster_type_relation (monster_id, type_id) VALUES (152, '6');
INSERT INTO dnd.monster (id, hit_points, size_id, armor_class, armor_class_description, monster_name) VALUES (153, 114, 4, 19, 'Natural Armor', 'Gorgon');
INSERT INTO dnd.monster_type_relation (monster_id, type_id) VALUES (153, '18');
INSERT INTO dnd.monster_type_relation (monster_id, type_id) VALUES (153, '23');
INSERT INTO dnd.monster (id, hit_points, size_id, armor_class, armor_class_description, monster_name) VALUES (154, 22, 3, 8, '', 'Gray Ooze');
INSERT INTO dnd.monster_type_relation (monster_id, type_id) VALUES (154, '18');
INSERT INTO dnd.monster_type_relation (monster_id, type_id) VALUES (154, '8');
INSERT INTO dnd.monster (id, hit_points, size_id, armor_class, armor_class_description, monster_name) VALUES (155, 38, 3, 17, 'Natural Armor', 'Green Dragon Wyrmling');
INSERT INTO dnd.monster_type_relation (monster_id, type_id) VALUES (155, '6');
INSERT INTO dnd.monster_type_relation (monster_id, type_id) VALUES (155, '16');
INSERT INTO dnd.monster (id, hit_points, size_id, armor_class, armor_class_description, monster_name) VALUES (156, 82, 3, 17, 'Natural Armor', 'Green Hag');
INSERT INTO dnd.monster_type_relation (monster_id, type_id) VALUES (156, '3');
INSERT INTO dnd.monster_type_relation (monster_id, type_id) VALUES (156, '24');
INSERT INTO dnd.monster (id, hit_points, size_id, armor_class, armor_class_description, monster_name) VALUES (157, 27, 3, 14, 'Natural Armor', 'Grick');
INSERT INTO dnd.monster_type_relation (monster_id, type_id) VALUES (157, '1');
INSERT INTO dnd.monster_type_relation (monster_id, type_id) VALUES (157, '23');
INSERT INTO dnd.monster (id, hit_points, size_id, armor_class, armor_class_description, monster_name) VALUES (158, 59, 4, 12, '', 'Griffon');
INSERT INTO dnd.monster_type_relation (monster_id, type_id) VALUES (158, '18');
INSERT INTO dnd.monster_type_relation (monster_id, type_id) VALUES (158, '23');
INSERT INTO dnd.monster (id, hit_points, size_id, armor_class, armor_class_description, monster_name) VALUES (159, 11, 3, 11, '', 'Grimlock');
INSERT INTO dnd.monster_type_relation (monster_id, type_id) VALUES (159, '3');
INSERT INTO dnd.monster_type_relation (monster_id, type_id) VALUES (159, '4');
INSERT INTO dnd.monster (id, hit_points, size_id, armor_class, armor_class_description, monster_name) VALUES (160, 11, 3, 16, 'Chain Shirt, Shield', 'Guard');
INSERT INTO dnd.monster_type_relation (monster_id, type_id) VALUES (160, '4');
INSERT INTO dnd.monster_type_relation (monster_id, type_id) VALUES (160, '5');
INSERT INTO dnd.monster (id, hit_points, size_id, armor_class, armor_class_description, monster_name) VALUES (161, 127, 4, 18, 'Natural Armor', 'Guardian Naga');
INSERT INTO dnd.monster_type_relation (monster_id, type_id) VALUES (161, '21');
INSERT INTO dnd.monster_type_relation (monster_id, type_id) VALUES (161, '23');
INSERT INTO dnd.monster (id, hit_points, size_id, armor_class, armor_class_description, monster_name) VALUES (162, 136, 4, 17, 'Natural Armor', 'Gynosphinx');
INSERT INTO dnd.monster_type_relation (monster_id, type_id) VALUES (162, '9');
INSERT INTO dnd.monster_type_relation (monster_id, type_id) VALUES (162, '23');
INSERT INTO dnd.monster (id, hit_points, size_id, armor_class, armor_class_description, monster_name) VALUES (163, 65, 3, 18, 'Plate', 'Half-Red Dragon Veteran');
INSERT INTO dnd.monster_type_relation (monster_id, type_id) VALUES (163, '4');
INSERT INTO dnd.monster_type_relation (monster_id, type_id) VALUES (163, '5');
INSERT INTO dnd.monster (id, hit_points, size_id, armor_class, armor_class_description, monster_name) VALUES (164, 38, 3, 11, '', 'Harpy');
INSERT INTO dnd.monster_type_relation (monster_id, type_id) VALUES (164, '15');
INSERT INTO dnd.monster_type_relation (monster_id, type_id) VALUES (164, '23');
INSERT INTO dnd.monster (id, hit_points, size_id, armor_class, armor_class_description, monster_name) VALUES (165, 1, 5, 13, '', 'Hawk');
INSERT INTO dnd.monster_type_relation (monster_id, type_id) VALUES (165, '18');
INSERT INTO dnd.monster_type_relation (monster_id, type_id) VALUES (165, '17');
INSERT INTO dnd.monster (id, hit_points, size_id, armor_class, armor_class_description, monster_name) VALUES (166, 45, 3, 15, 'Natural Armor', 'Hell Hound');
INSERT INTO dnd.monster_type_relation (monster_id, type_id) VALUES (166, '11');
INSERT INTO dnd.monster_type_relation (monster_id, type_id) VALUES (166, '16');
INSERT INTO dnd.monster (id, hit_points, size_id, armor_class, armor_class_description, monster_name) VALUES (167, 136, 4, 16, 'Natural Armor', 'Hezrou');
INSERT INTO dnd.monster_type_relation (monster_id, type_id) VALUES (167, '11');
INSERT INTO dnd.monster_type_relation (monster_id, type_id) VALUES (167, '15');
INSERT INTO dnd.monster (id, hit_points, size_id, armor_class, armor_class_description, monster_name) VALUES (168, 105, 6, 13, 'Natural Armor', 'Hill Giant');
INSERT INTO dnd.monster_type_relation (monster_id, type_id) VALUES (168, '15');
INSERT INTO dnd.monster_type_relation (monster_id, type_id) VALUES (168, '25');
INSERT INTO dnd.monster (id, hit_points, size_id, armor_class, armor_class_description, monster_name) VALUES (169, 19, 4, 11, '', 'Hippogriff');
INSERT INTO dnd.monster_type_relation (monster_id, type_id) VALUES (169, '18');
INSERT INTO dnd.monster_type_relation (monster_id, type_id) VALUES (169, '23');
INSERT INTO dnd.monster (id, hit_points, size_id, armor_class, armor_class_description, monster_name) VALUES (170, 11, 3, 18, 'Chain Mail, Shield', 'Hobgoblin');
INSERT INTO dnd.monster_type_relation (monster_id, type_id) VALUES (170, '4');
INSERT INTO dnd.monster_type_relation (monster_id, type_id) VALUES (170, '16');
INSERT INTO dnd.monster (id, hit_points, size_id, armor_class, armor_class_description, monster_name) VALUES (171, 5, 5, 13, 'Natural Armor', 'Homunculus');
INSERT INTO dnd.monster_type_relation (monster_id, type_id) VALUES (171, '1');
INSERT INTO dnd.monster_type_relation (monster_id, type_id) VALUES (171, '19');
INSERT INTO dnd.monster (id, hit_points, size_id, armor_class, armor_class_description, monster_name) VALUES (172, 148, 4, 18, 'Natural Armor', 'Horned Devil');
INSERT INTO dnd.monster_type_relation (monster_id, type_id) VALUES (172, '11');
INSERT INTO dnd.monster_type_relation (monster_id, type_id) VALUES (172, '16');
INSERT INTO dnd.monster (id, hit_points, size_id, armor_class, armor_class_description, monster_name) VALUES (173, 45, 4, 12, 'Natural Armor', 'Hunter Shark');
INSERT INTO dnd.monster_type_relation (monster_id, type_id) VALUES (173, '18');
INSERT INTO dnd.monster_type_relation (monster_id, type_id) VALUES (173, '17');
INSERT INTO dnd.monster (id, hit_points, size_id, armor_class, armor_class_description, monster_name) VALUES (174, 172, 6, 15, 'Natural Armor', 'Hydra');
INSERT INTO dnd.monster_type_relation (monster_id, type_id) VALUES (174, '18');
INSERT INTO dnd.monster_type_relation (monster_id, type_id) VALUES (174, '23');
INSERT INTO dnd.monster (id, hit_points, size_id, armor_class, armor_class_description, monster_name) VALUES (175, 5, 3, 11, '', 'Hyena');
INSERT INTO dnd.monster_type_relation (monster_id, type_id) VALUES (175, '18');
INSERT INTO dnd.monster_type_relation (monster_id, type_id) VALUES (175, '17');
INSERT INTO dnd.monster (id, hit_points, size_id, armor_class, armor_class_description, monster_name) VALUES (176, 180, 4, 18, 'Natural Armor', 'Ice Devil');
INSERT INTO dnd.monster_type_relation (monster_id, type_id) VALUES (176, '11');
INSERT INTO dnd.monster_type_relation (monster_id, type_id) VALUES (176, '16');
INSERT INTO dnd.monster (id, hit_points, size_id, armor_class, armor_class_description, monster_name) VALUES (177, 21, 1, 11, '', 'Ice Mephit');
INSERT INTO dnd.monster_type_relation (monster_id, type_id) VALUES (177, '3');
INSERT INTO dnd.monster_type_relation (monster_id, type_id) VALUES (177, '7');
INSERT INTO dnd.monster (id, hit_points, size_id, armor_class, armor_class_description, monster_name) VALUES (178, 10, 5, 13, '', 'Imp');
INSERT INTO dnd.monster_type_relation (monster_id, type_id) VALUES (178, '11');
INSERT INTO dnd.monster_type_relation (monster_id, type_id) VALUES (178, '16');
INSERT INTO dnd.monster (id, hit_points, size_id, armor_class, armor_class_description, monster_name) VALUES (179, 104, 3, 14, '', 'Invisible Stalker');
INSERT INTO dnd.monster_type_relation (monster_id, type_id) VALUES (179, '1');
INSERT INTO dnd.monster_type_relation (monster_id, type_id) VALUES (179, '7');
INSERT INTO dnd.monster (id, hit_points, size_id, armor_class, armor_class_description, monster_name) VALUES (180, 210, 4, 20, 'Natural Armor', 'Iron Golem');
INSERT INTO dnd.monster_type_relation (monster_id, type_id) VALUES (180, '18');
INSERT INTO dnd.monster_type_relation (monster_id, type_id) VALUES (180, '19');
INSERT INTO dnd.monster (id, hit_points, size_id, armor_class, armor_class_description, monster_name) VALUES (181, 3, 1, 12, '', 'Jackal');
INSERT INTO dnd.monster_type_relation (monster_id, type_id) VALUES (181, '18');
INSERT INTO dnd.monster_type_relation (monster_id, type_id) VALUES (181, '17');
INSERT INTO dnd.monster (id, hit_points, size_id, armor_class, armor_class_description, monster_name) VALUES (182, 90, 6, 12, 'Natural Armor', 'Killer Whale');
INSERT INTO dnd.monster_type_relation (monster_id, type_id) VALUES (182, '18');
INSERT INTO dnd.monster_type_relation (monster_id, type_id) VALUES (182, '17');
INSERT INTO dnd.monster (id, hit_points, size_id, armor_class, armor_class_description, monster_name) VALUES (183, 52, 3, 18, 'Plate', 'Knight');
INSERT INTO dnd.monster_type_relation (monster_id, type_id) VALUES (183, '4');
INSERT INTO dnd.monster_type_relation (monster_id, type_id) VALUES (183, '5');
INSERT INTO dnd.monster (id, hit_points, size_id, armor_class, armor_class_description, monster_name) VALUES (184, 5, 1, 12, '', 'Kobold');
INSERT INTO dnd.monster_type_relation (monster_id, type_id) VALUES (184, '4');
INSERT INTO dnd.monster_type_relation (monster_id, type_id) VALUES (184, '16');
INSERT INTO dnd.monster (id, hit_points, size_id, armor_class, armor_class_description, monster_name) VALUES (185, 472, 2, 18, 'Natural Armor', 'Kraken');
INSERT INTO dnd.monster_type_relation (monster_id, type_id) VALUES (185, '15');
INSERT INTO dnd.monster_type_relation (monster_id, type_id) VALUES (185, '23');
INSERT INTO dnd.monster (id, hit_points, size_id, armor_class, armor_class_description, monster_name) VALUES (186, 97, 4, 13, 'Natural Armor', 'Lamia');
INSERT INTO dnd.monster_type_relation (monster_id, type_id) VALUES (186, '15');
INSERT INTO dnd.monster_type_relation (monster_id, type_id) VALUES (186, '23');
INSERT INTO dnd.monster (id, hit_points, size_id, armor_class, armor_class_description, monster_name) VALUES (187, 13, 3, 7, '', 'Lemure');
INSERT INTO dnd.monster_type_relation (monster_id, type_id) VALUES (187, '11');
INSERT INTO dnd.monster_type_relation (monster_id, type_id) VALUES (187, '16');
INSERT INTO dnd.monster (id, hit_points, size_id, armor_class, armor_class_description, monster_name) VALUES (188, 135, 3, 17, 'Natural Armor', 'Lich');
INSERT INTO dnd.monster_type_relation (monster_id, type_id) VALUES (188, '12');
INSERT INTO dnd.monster_type_relation (monster_id, type_id) VALUES (188, '13');
INSERT INTO dnd.monster (id, hit_points, size_id, armor_class, armor_class_description, monster_name) VALUES (189, 26, 4, 12, '', 'Lion');
INSERT INTO dnd.monster_type_relation (monster_id, type_id) VALUES (189, '18');
INSERT INTO dnd.monster_type_relation (monster_id, type_id) VALUES (189, '17');
INSERT INTO dnd.monster (id, hit_points, size_id, armor_class, armor_class_description, monster_name) VALUES (190, 2, 5, 10, '', 'Lizard');
INSERT INTO dnd.monster_type_relation (monster_id, type_id) VALUES (190, '18');
INSERT INTO dnd.monster_type_relation (monster_id, type_id) VALUES (190, '17');
INSERT INTO dnd.monster (id, hit_points, size_id, armor_class, armor_class_description, monster_name) VALUES (191, 22, 3, 15, 'Natural Armor, Shield', 'Lizardfolk');
INSERT INTO dnd.monster_type_relation (monster_id, type_id) VALUES (191, '1');
INSERT INTO dnd.monster_type_relation (monster_id, type_id) VALUES (191, '4');
INSERT INTO dnd.monster (id, hit_points, size_id, armor_class, armor_class_description, monster_name) VALUES (192, 40, 3, 12, '15 With Mage Armor', 'Mage');
INSERT INTO dnd.monster_type_relation (monster_id, type_id) VALUES (192, '4');
INSERT INTO dnd.monster_type_relation (monster_id, type_id) VALUES (192, '5');
INSERT INTO dnd.monster (id, hit_points, size_id, armor_class, armor_class_description, monster_name) VALUES (193, 22, 1, 11, '', 'Magma Mephit');
INSERT INTO dnd.monster_type_relation (monster_id, type_id) VALUES (193, '3');
INSERT INTO dnd.monster_type_relation (monster_id, type_id) VALUES (193, '7');
INSERT INTO dnd.monster (id, hit_points, size_id, armor_class, armor_class_description, monster_name) VALUES (194, 9, 1, 14, 'Natural Armor', 'Magmin');
INSERT INTO dnd.monster_type_relation (monster_id, type_id) VALUES (194, '7');
INSERT INTO dnd.monster_type_relation (monster_id, type_id) VALUES (194, '14');
INSERT INTO dnd.monster (id, hit_points, size_id, armor_class, armor_class_description, monster_name) VALUES (195, 126, 6, 13, 'Natural Armor', 'Mammoth');
INSERT INTO dnd.monster_type_relation (monster_id, type_id) VALUES (195, '18');
INSERT INTO dnd.monster_type_relation (monster_id, type_id) VALUES (195, '17');
INSERT INTO dnd.monster (id, hit_points, size_id, armor_class, armor_class_description, monster_name) VALUES (196, 68, 4, 14, 'Natural Armor', 'Manticore');
INSERT INTO dnd.monster_type_relation (monster_id, type_id) VALUES (196, '23');
INSERT INTO dnd.monster_type_relation (monster_id, type_id) VALUES (196, '16');
INSERT INTO dnd.monster (id, hit_points, size_id, armor_class, armor_class_description, monster_name) VALUES (197, 189, 4, 18, 'Natural Armor', 'Marilith');
INSERT INTO dnd.monster_type_relation (monster_id, type_id) VALUES (197, '11');
INSERT INTO dnd.monster_type_relation (monster_id, type_id) VALUES (197, '15');
INSERT INTO dnd.monster (id, hit_points, size_id, armor_class, armor_class_description, monster_name) VALUES (198, 5, 3, 12, '', 'Mastiff');
INSERT INTO dnd.monster_type_relation (monster_id, type_id) VALUES (198, '18');
INSERT INTO dnd.monster_type_relation (monster_id, type_id) VALUES (198, '17');
INSERT INTO dnd.monster (id, hit_points, size_id, armor_class, armor_class_description, monster_name) VALUES (199, 127, 3, 15, 'Natural Armor', 'Medusa');
INSERT INTO dnd.monster_type_relation (monster_id, type_id) VALUES (199, '23');
INSERT INTO dnd.monster_type_relation (monster_id, type_id) VALUES (199, '16');
INSERT INTO dnd.monster (id, hit_points, size_id, armor_class, armor_class_description, monster_name) VALUES (200, 11, 3, 11, '', 'Merfolk');
INSERT INTO dnd.monster_type_relation (monster_id, type_id) VALUES (200, '1');
INSERT INTO dnd.monster_type_relation (monster_id, type_id) VALUES (200, '4');
INSERT INTO dnd.monster (id, hit_points, size_id, armor_class, armor_class_description, monster_name) VALUES (201, 45, 4, 13, 'Natural Armor', 'Merrow');
INSERT INTO dnd.monster_type_relation (monster_id, type_id) VALUES (201, '15');
INSERT INTO dnd.monster_type_relation (monster_id, type_id) VALUES (201, '23');
INSERT INTO dnd.monster (id, hit_points, size_id, armor_class, armor_class_description, monster_name) VALUES (202, 58, 3, 12, 'Natural Armor', 'Mimic');
INSERT INTO dnd.monster_type_relation (monster_id, type_id) VALUES (202, '1');
INSERT INTO dnd.monster_type_relation (monster_id, type_id) VALUES (202, '23');
INSERT INTO dnd.monster (id, hit_points, size_id, armor_class, armor_class_description, monster_name) VALUES (203, 76, 4, 14, 'Natural Armor', 'Minotaur');
INSERT INTO dnd.monster_type_relation (monster_id, type_id) VALUES (203, '15');
INSERT INTO dnd.monster_type_relation (monster_id, type_id) VALUES (203, '23');
INSERT INTO dnd.monster (id, hit_points, size_id, armor_class, armor_class_description, monster_name) VALUES (204, 67, 4, 12, 'Natural Armor', 'Minotaur Skeleton');
INSERT INTO dnd.monster_type_relation (monster_id, type_id) VALUES (204, '12');
INSERT INTO dnd.monster_type_relation (monster_id, type_id) VALUES (204, '16');
INSERT INTO dnd.monster (id, hit_points, size_id, armor_class, armor_class_description, monster_name) VALUES (205, 11, 3, 10, '', 'Mule');
INSERT INTO dnd.monster_type_relation (monster_id, type_id) VALUES (205, '18');
INSERT INTO dnd.monster_type_relation (monster_id, type_id) VALUES (205, '17');
INSERT INTO dnd.monster (id, hit_points, size_id, armor_class, armor_class_description, monster_name) VALUES (206, 58, 3, 11, 'Natural Armor', 'Mummy');
INSERT INTO dnd.monster_type_relation (monster_id, type_id) VALUES (206, '12');
INSERT INTO dnd.monster_type_relation (monster_id, type_id) VALUES (206, '16');
INSERT INTO dnd.monster (id, hit_points, size_id, armor_class, armor_class_description, monster_name) VALUES (207, 97, 3, 17, 'Natural Armor', 'Mummy Lord');
INSERT INTO dnd.monster_type_relation (monster_id, type_id) VALUES (207, '12');
INSERT INTO dnd.monster_type_relation (monster_id, type_id) VALUES (207, '16');
INSERT INTO dnd.monster (id, hit_points, size_id, armor_class, armor_class_description, monster_name) VALUES (208, 184, 4, 18, 'Natural Armor', 'Nalfeshnee');
INSERT INTO dnd.monster_type_relation (monster_id, type_id) VALUES (208, '11');
INSERT INTO dnd.monster_type_relation (monster_id, type_id) VALUES (208, '15');
INSERT INTO dnd.monster (id, hit_points, size_id, armor_class, armor_class_description, monster_name) VALUES (209, 112, 3, 17, 'Natural Armor', 'Night Hag');
INSERT INTO dnd.monster_type_relation (monster_id, type_id) VALUES (209, '11');
INSERT INTO dnd.monster_type_relation (monster_id, type_id) VALUES (209, '3');
INSERT INTO dnd.monster (id, hit_points, size_id, armor_class, armor_class_description, monster_name) VALUES (210, 68, 4, 13, 'Natural Armor', 'Nightmare');
INSERT INTO dnd.monster_type_relation (monster_id, type_id) VALUES (210, '11');
INSERT INTO dnd.monster_type_relation (monster_id, type_id) VALUES (210, '3');
INSERT INTO dnd.monster (id, hit_points, size_id, armor_class, armor_class_description, monster_name) VALUES (211, 9, 3, 15, 'Breastplate', 'Noble');
INSERT INTO dnd.monster_type_relation (monster_id, type_id) VALUES (211, '4');
INSERT INTO dnd.monster_type_relation (monster_id, type_id) VALUES (211, '5');
INSERT INTO dnd.monster (id, hit_points, size_id, armor_class, armor_class_description, monster_name) VALUES (212, 45, 3, 15, 'Natural', 'Nothic');
INSERT INTO dnd.monster_type_relation (monster_id, type_id) VALUES (212, '3');
INSERT INTO dnd.monster_type_relation (monster_id, type_id) VALUES (212, '22');
INSERT INTO dnd.monster (id, hit_points, size_id, armor_class, armor_class_description, monster_name) VALUES (213, 45, 4, 8, '', 'Ochre Jelly');
INSERT INTO dnd.monster_type_relation (monster_id, type_id) VALUES (213, '18');
INSERT INTO dnd.monster_type_relation (monster_id, type_id) VALUES (213, '8');
INSERT INTO dnd.monster (id, hit_points, size_id, armor_class, armor_class_description, monster_name) VALUES (214, 3, 1, 12, '', 'Octopus');
INSERT INTO dnd.monster_type_relation (monster_id, type_id) VALUES (214, '18');
INSERT INTO dnd.monster_type_relation (monster_id, type_id) VALUES (214, '17');
INSERT INTO dnd.monster (id, hit_points, size_id, armor_class, armor_class_description, monster_name) VALUES (215, 59, 4, 11, 'Hide Armor', 'Ogre');
INSERT INTO dnd.monster_type_relation (monster_id, type_id) VALUES (215, '15');
INSERT INTO dnd.monster_type_relation (monster_id, type_id) VALUES (215, '25');
INSERT INTO dnd.monster (id, hit_points, size_id, armor_class, armor_class_description, monster_name) VALUES (216, 85, 4, 8, '', 'Ogre Zombie');
INSERT INTO dnd.monster_type_relation (monster_id, type_id) VALUES (216, '3');
INSERT INTO dnd.monster_type_relation (monster_id, type_id) VALUES (216, '12');
INSERT INTO dnd.monster (id, hit_points, size_id, armor_class, armor_class_description, monster_name) VALUES (217, 110, 4, 16, 'Chain Mail', 'Oni');
INSERT INTO dnd.monster_type_relation (monster_id, type_id) VALUES (217, '25');
INSERT INTO dnd.monster_type_relation (monster_id, type_id) VALUES (217, '16');
INSERT INTO dnd.monster (id, hit_points, size_id, armor_class, armor_class_description, monster_name) VALUES (218, 15, 3, 13, 'Hide Armor', 'Orc');
INSERT INTO dnd.monster_type_relation (monster_id, type_id) VALUES (218, '4');
INSERT INTO dnd.monster_type_relation (monster_id, type_id) VALUES (218, '15');
INSERT INTO dnd.monster (id, hit_points, size_id, armor_class, armor_class_description, monster_name) VALUES (219, 114, 4, 14, 'Natural Armor', 'Otyugh');
INSERT INTO dnd.monster_type_relation (monster_id, type_id) VALUES (219, '1');
INSERT INTO dnd.monster_type_relation (monster_id, type_id) VALUES (219, '22');
INSERT INTO dnd.monster (id, hit_points, size_id, armor_class, armor_class_description, monster_name) VALUES (220, 1, 5, 11, '', 'Owl');
INSERT INTO dnd.monster_type_relation (monster_id, type_id) VALUES (220, '18');
INSERT INTO dnd.monster_type_relation (monster_id, type_id) VALUES (220, '17');
INSERT INTO dnd.monster (id, hit_points, size_id, armor_class, armor_class_description, monster_name) VALUES (221, 59, 4, 13, 'Natural Armor', 'Owlbear');
INSERT INTO dnd.monster_type_relation (monster_id, type_id) VALUES (221, '18');
INSERT INTO dnd.monster_type_relation (monster_id, type_id) VALUES (221, '23');
INSERT INTO dnd.monster (id, hit_points, size_id, armor_class, armor_class_description, monster_name) VALUES (222, 13, 3, 12, '', 'Panther');
INSERT INTO dnd.monster_type_relation (monster_id, type_id) VALUES (222, '18');
INSERT INTO dnd.monster_type_relation (monster_id, type_id) VALUES (222, '17');
INSERT INTO dnd.monster (id, hit_points, size_id, armor_class, armor_class_description, monster_name) VALUES (223, 59, 4, 12, '', 'Pegasus');
INSERT INTO dnd.monster_type_relation (monster_id, type_id) VALUES (223, '2');
INSERT INTO dnd.monster_type_relation (monster_id, type_id) VALUES (223, '26');
INSERT INTO dnd.monster (id, hit_points, size_id, armor_class, armor_class_description, monster_name) VALUES (224, 32, 4, 13, 'Natural Armor', 'Phase Spider');
INSERT INTO dnd.monster_type_relation (monster_id, type_id) VALUES (224, '18');
INSERT INTO dnd.monster_type_relation (monster_id, type_id) VALUES (224, '23');
INSERT INTO dnd.monster (id, hit_points, size_id, armor_class, armor_class_description, monster_name) VALUES (225, 300, 4, 19, 'Natural Armor', 'Pit Fiend');
INSERT INTO dnd.monster_type_relation (monster_id, type_id) VALUES (225, '11');
INSERT INTO dnd.monster_type_relation (monster_id, type_id) VALUES (225, '16');
INSERT INTO dnd.monster (id, hit_points, size_id, armor_class, armor_class_description, monster_name) VALUES (226, 200, 4, 19, 'Natural Armor', 'Planetar');
INSERT INTO dnd.monster_type_relation (monster_id, type_id) VALUES (226, '21');
INSERT INTO dnd.monster_type_relation (monster_id, type_id) VALUES (226, '26');
INSERT INTO dnd.monster (id, hit_points, size_id, armor_class, armor_class_description, monster_name) VALUES (227, 68, 4, 13, 'Natural Armor', 'Plesiosaurus');
INSERT INTO dnd.monster_type_relation (monster_id, type_id) VALUES (227, '18');
INSERT INTO dnd.monster_type_relation (monster_id, type_id) VALUES (227, '17');
INSERT INTO dnd.monster (id, hit_points, size_id, armor_class, armor_class_description, monster_name) VALUES (228, 2, 5, 13, '', 'Poisonous Snake');
INSERT INTO dnd.monster_type_relation (monster_id, type_id) VALUES (228, '18');
INSERT INTO dnd.monster_type_relation (monster_id, type_id) VALUES (228, '17');
INSERT INTO dnd.monster (id, hit_points, size_id, armor_class, armor_class_description, monster_name) VALUES (229, 42, 4, 12, 'Natural Armor', 'Polar Bear');
INSERT INTO dnd.monster_type_relation (monster_id, type_id) VALUES (229, '18');
INSERT INTO dnd.monster_type_relation (monster_id, type_id) VALUES (229, '17');
INSERT INTO dnd.monster (id, hit_points, size_id, armor_class, armor_class_description, monster_name) VALUES (230, 11, 3, 10, '', 'Pony');
INSERT INTO dnd.monster_type_relation (monster_id, type_id) VALUES (230, '18');
INSERT INTO dnd.monster_type_relation (monster_id, type_id) VALUES (230, '17');
INSERT INTO dnd.monster (id, hit_points, size_id, armor_class, armor_class_description, monster_name) VALUES (231, 27, 3, 13, 'Chain Shirt', 'Priest');
INSERT INTO dnd.monster_type_relation (monster_id, type_id) VALUES (231, '4');
INSERT INTO dnd.monster_type_relation (monster_id, type_id) VALUES (231, '5');
INSERT INTO dnd.monster (id, hit_points, size_id, armor_class, armor_class_description, monster_name) VALUES (232, 7, 5, 13, 'Natural Armor', 'Pseudodragon');
INSERT INTO dnd.monster_type_relation (monster_id, type_id) VALUES (232, '20');
INSERT INTO dnd.monster_type_relation (monster_id, type_id) VALUES (232, '6');
INSERT INTO dnd.monster (id, hit_points, size_id, armor_class, armor_class_description, monster_name) VALUES (233, 13, 3, 13, 'Natural Armor', 'Pteranodon');
INSERT INTO dnd.monster_type_relation (monster_id, type_id) VALUES (233, '18');
INSERT INTO dnd.monster_type_relation (monster_id, type_id) VALUES (233, '17');
INSERT INTO dnd.monster (id, hit_points, size_id, armor_class, armor_class_description, monster_name) VALUES (234, 247, 2, 18, 'Natural Armor', 'Purple Worm');
INSERT INTO dnd.monster_type_relation (monster_id, type_id) VALUES (234, '18');
INSERT INTO dnd.monster_type_relation (monster_id, type_id) VALUES (234, '23');
INSERT INTO dnd.monster (id, hit_points, size_id, armor_class, armor_class_description, monster_name) VALUES (235, 7, 5, 13, '', 'Quasit');
INSERT INTO dnd.monster_type_relation (monster_id, type_id) VALUES (235, '11');
INSERT INTO dnd.monster_type_relation (monster_id, type_id) VALUES (235, '15');
INSERT INTO dnd.monster (id, hit_points, size_id, armor_class, armor_class_description, monster_name) VALUES (236, 1, 5, 13, '', 'Quipper');
INSERT INTO dnd.monster_type_relation (monster_id, type_id) VALUES (236, '18');
INSERT INTO dnd.monster_type_relation (monster_id, type_id) VALUES (236, '17');
INSERT INTO dnd.monster (id, hit_points, size_id, armor_class, armor_class_description, monster_name) VALUES (237, 110, 3, 16, 'Natural Armor', 'Rakshasa');
INSERT INTO dnd.monster_type_relation (monster_id, type_id) VALUES (237, '11');
INSERT INTO dnd.monster_type_relation (monster_id, type_id) VALUES (237, '16');
INSERT INTO dnd.monster (id, hit_points, size_id, armor_class, armor_class_description, monster_name) VALUES (238, 1, 5, 10, '', 'Rat');
INSERT INTO dnd.monster_type_relation (monster_id, type_id) VALUES (238, '18');
INSERT INTO dnd.monster_type_relation (monster_id, type_id) VALUES (238, '17');
INSERT INTO dnd.monster (id, hit_points, size_id, armor_class, armor_class_description, monster_name) VALUES (239, 1, 5, 12, '', 'Raven');
INSERT INTO dnd.monster_type_relation (monster_id, type_id) VALUES (239, '18');
INSERT INTO dnd.monster_type_relation (monster_id, type_id) VALUES (239, '17');
INSERT INTO dnd.monster (id, hit_points, size_id, armor_class, armor_class_description, monster_name) VALUES (240, 75, 3, 17, 'Natural Armor', 'Red Dragon Wyrmling');
INSERT INTO dnd.monster_type_relation (monster_id, type_id) VALUES (240, '15');
INSERT INTO dnd.monster_type_relation (monster_id, type_id) VALUES (240, '6');
INSERT INTO dnd.monster (id, hit_points, size_id, armor_class, armor_class_description, monster_name) VALUES (241, 22, 3, 12, 'Natural Armor', 'Reef Shark');
INSERT INTO dnd.monster_type_relation (monster_id, type_id) VALUES (241, '18');
INSERT INTO dnd.monster_type_relation (monster_id, type_id) VALUES (241, '17');
INSERT INTO dnd.monster (id, hit_points, size_id, armor_class, armor_class_description, monster_name) VALUES (242, 195, 6, 17, 'Natural Armor', 'Remorhaz');
INSERT INTO dnd.monster_type_relation (monster_id, type_id) VALUES (242, '18');
INSERT INTO dnd.monster_type_relation (monster_id, type_id) VALUES (242, '23');
INSERT INTO dnd.monster (id, hit_points, size_id, armor_class, armor_class_description, monster_name) VALUES (243, 45, 4, 11, 'Natural Armor', 'Rhinoceros');
INSERT INTO dnd.monster_type_relation (monster_id, type_id) VALUES (243, '18');
INSERT INTO dnd.monster_type_relation (monster_id, type_id) VALUES (243, '17');
INSERT INTO dnd.monster (id, hit_points, size_id, armor_class, armor_class_description, monster_name) VALUES (244, 13, 4, 10, '', 'Riding Horse');
INSERT INTO dnd.monster_type_relation (monster_id, type_id) VALUES (244, '18');
INSERT INTO dnd.monster_type_relation (monster_id, type_id) VALUES (244, '17');
INSERT INTO dnd.monster (id, hit_points, size_id, armor_class, armor_class_description, monster_name) VALUES (245, 248, 2, 15, 'Natural Armor', 'Roc');
INSERT INTO dnd.monster_type_relation (monster_id, type_id) VALUES (245, '18');
INSERT INTO dnd.monster_type_relation (monster_id, type_id) VALUES (245, '23');
INSERT INTO dnd.monster (id, hit_points, size_id, armor_class, armor_class_description, monster_name) VALUES (246, 93, 4, 20, 'Natural Armor', 'Roper');
INSERT INTO dnd.monster_type_relation (monster_id, type_id) VALUES (246, '3');
INSERT INTO dnd.monster_type_relation (monster_id, type_id) VALUES (246, '23');
INSERT INTO dnd.monster (id, hit_points, size_id, armor_class, armor_class_description, monster_name) VALUES (247, 33, 4, 12, '', 'Rug of Smothering');
INSERT INTO dnd.monster_type_relation (monster_id, type_id) VALUES (247, '18');
INSERT INTO dnd.monster_type_relation (monster_id, type_id) VALUES (247, '19');
INSERT INTO dnd.monster (id, hit_points, size_id, armor_class, armor_class_description, monster_name) VALUES (248, 27, 3, 14, 'Natural Armor', 'Rust Monster');
INSERT INTO dnd.monster_type_relation (monster_id, type_id) VALUES (248, '18');
INSERT INTO dnd.monster_type_relation (monster_id, type_id) VALUES (248, '23');
INSERT INTO dnd.monster (id, hit_points, size_id, armor_class, armor_class_description, monster_name) VALUES (249, 52, 4, 12, '', 'Saber-Toothed Tiger');
INSERT INTO dnd.monster_type_relation (monster_id, type_id) VALUES (249, '18');
INSERT INTO dnd.monster_type_relation (monster_id, type_id) VALUES (249, '17');
INSERT INTO dnd.monster (id, hit_points, size_id, armor_class, armor_class_description, monster_name) VALUES (250, 22, 3, 12, 'Natural Armor', 'Sahuagin');
INSERT INTO dnd.monster_type_relation (monster_id, type_id) VALUES (250, '4');
INSERT INTO dnd.monster_type_relation (monster_id, type_id) VALUES (250, '16');
INSERT INTO dnd.monster (id, hit_points, size_id, armor_class, armor_class_description, monster_name) VALUES (251, 90, 4, 15, 'Natural Armor', 'Salamander');
INSERT INTO dnd.monster_type_relation (monster_id, type_id) VALUES (251, '3');
INSERT INTO dnd.monster_type_relation (monster_id, type_id) VALUES (251, '7');
INSERT INTO dnd.monster (id, hit_points, size_id, armor_class, armor_class_description, monster_name) VALUES (252, 31, 3, 14, 'Leather Armor', 'Satyr');
INSERT INTO dnd.monster_type_relation (monster_id, type_id) VALUES (252, '24');
INSERT INTO dnd.monster_type_relation (monster_id, type_id) VALUES (252, '14');
INSERT INTO dnd.monster (id, hit_points, size_id, armor_class, armor_class_description, monster_name) VALUES (253, 1, 5, 11, 'Natural Armor', 'Scorpion');
INSERT INTO dnd.monster_type_relation (monster_id, type_id) VALUES (253, '18');
INSERT INTO dnd.monster_type_relation (monster_id, type_id) VALUES (253, '17');
INSERT INTO dnd.monster (id, hit_points, size_id, armor_class, armor_class_description, monster_name) VALUES (254, 16, 3, 13, 'Leather Armor', 'Scout');
INSERT INTO dnd.monster_type_relation (monster_id, type_id) VALUES (254, '4');
INSERT INTO dnd.monster_type_relation (monster_id, type_id) VALUES (254, '5');
INSERT INTO dnd.monster (id, hit_points, size_id, armor_class, armor_class_description, monster_name) VALUES (255, 52, 3, 14, 'Natural Armor', 'Sea Hag');
INSERT INTO dnd.monster_type_relation (monster_id, type_id) VALUES (255, '15');
INSERT INTO dnd.monster_type_relation (monster_id, type_id) VALUES (255, '24');
INSERT INTO dnd.monster (id, hit_points, size_id, armor_class, armor_class_description, monster_name) VALUES (256, 1, 5, 11, '', 'Sea Horse');
INSERT INTO dnd.monster_type_relation (monster_id, type_id) VALUES (256, '18');
INSERT INTO dnd.monster_type_relation (monster_id, type_id) VALUES (256, '17');
INSERT INTO dnd.monster (id, hit_points, size_id, armor_class, armor_class_description, monster_name) VALUES (257, 16, 3, 12, '', 'Shadow');
INSERT INTO dnd.monster_type_relation (monster_id, type_id) VALUES (257, '12');
INSERT INTO dnd.monster_type_relation (monster_id, type_id) VALUES (257, '15');
INSERT INTO dnd.monster (id, hit_points, size_id, armor_class, armor_class_description, monster_name) VALUES (258, 136, 4, 15, 'Natural Armor', 'Shambling Mound');
INSERT INTO dnd.monster_type_relation (monster_id, type_id) VALUES (258, '18');
INSERT INTO dnd.monster_type_relation (monster_id, type_id) VALUES (258, '10');
INSERT INTO dnd.monster (id, hit_points, size_id, armor_class, armor_class_description, monster_name) VALUES (259, 142, 4, 17, 'Natural Armor', 'Shield Guardian');
INSERT INTO dnd.monster_type_relation (monster_id, type_id) VALUES (259, '18');
INSERT INTO dnd.monster_type_relation (monster_id, type_id) VALUES (259, '19');
INSERT INTO dnd.monster (id, hit_points, size_id, armor_class, armor_class_description, monster_name) VALUES (260, 13, 3, 5, '', 'Shrieker');
INSERT INTO dnd.monster_type_relation (monster_id, type_id) VALUES (260, '18');
INSERT INTO dnd.monster_type_relation (monster_id, type_id) VALUES (260, '10');
INSERT INTO dnd.monster (id, hit_points, size_id, armor_class, armor_class_description, monster_name) VALUES (261, 45, 3, 17, 'Natural Armor', 'Silver Dragon Wyrmling');
INSERT INTO dnd.monster_type_relation (monster_id, type_id) VALUES (261, '21');
INSERT INTO dnd.monster_type_relation (monster_id, type_id) VALUES (261, '6');
INSERT INTO dnd.monster (id, hit_points, size_id, armor_class, armor_class_description, monster_name) VALUES (262, 13, 3, 13, 'Armor Scraps', 'Skeleton');
INSERT INTO dnd.monster_type_relation (monster_id, type_id) VALUES (262, '12');
INSERT INTO dnd.monster_type_relation (monster_id, type_id) VALUES (262, '16');
INSERT INTO dnd.monster (id, hit_points, size_id, armor_class, armor_class_description, monster_name) VALUES (263, 243, 4, 21, 'Natural Armor', 'Solar');
INSERT INTO dnd.monster_type_relation (monster_id, type_id) VALUES (263, '21');
INSERT INTO dnd.monster_type_relation (monster_id, type_id) VALUES (263, '26');
INSERT INTO dnd.monster (id, hit_points, size_id, armor_class, armor_class_description, monster_name) VALUES (264, 39, 3, 14, 'Natural', 'Spectator');
INSERT INTO dnd.monster_type_relation (monster_id, type_id) VALUES (264, '9');
INSERT INTO dnd.monster_type_relation (monster_id, type_id) VALUES (264, '22');
INSERT INTO dnd.monster (id, hit_points, size_id, armor_class, armor_class_description, monster_name) VALUES (265, 22, 3, 12, '', 'Specter');
INSERT INTO dnd.monster_type_relation (monster_id, type_id) VALUES (265, '12');
INSERT INTO dnd.monster_type_relation (monster_id, type_id) VALUES (265, '15');
INSERT INTO dnd.monster (id, hit_points, size_id, armor_class, armor_class_description, monster_name) VALUES (266, 1, 5, 12, '', 'Spider');
INSERT INTO dnd.monster_type_relation (monster_id, type_id) VALUES (266, '18');
INSERT INTO dnd.monster_type_relation (monster_id, type_id) VALUES (266, '17');
INSERT INTO dnd.monster (id, hit_points, size_id, armor_class, armor_class_description, monster_name) VALUES (267, 75, 4, 15, 'Natural Armor', 'Spirit Naga');
INSERT INTO dnd.monster_type_relation (monster_id, type_id) VALUES (267, '15');
INSERT INTO dnd.monster_type_relation (monster_id, type_id) VALUES (267, '23');
INSERT INTO dnd.monster (id, hit_points, size_id, armor_class, armor_class_description, monster_name) VALUES (268, 2, 5, 15, 'Leather Armor', 'Sprite');
INSERT INTO dnd.monster_type_relation (monster_id, type_id) VALUES (268, '20');
INSERT INTO dnd.monster_type_relation (monster_id, type_id) VALUES (268, '24');
INSERT INTO dnd.monster (id, hit_points, size_id, armor_class, armor_class_description, monster_name) VALUES (269, 27, 3, 12, '', 'Spy');
INSERT INTO dnd.monster_type_relation (monster_id, type_id) VALUES (269, '4');
INSERT INTO dnd.monster_type_relation (monster_id, type_id) VALUES (269, '5');
INSERT INTO dnd.monster (id, hit_points, size_id, armor_class, armor_class_description, monster_name) VALUES (270, 21, 1, 10, '', 'Steam Mephit');
INSERT INTO dnd.monster_type_relation (monster_id, type_id) VALUES (270, '3');
INSERT INTO dnd.monster_type_relation (monster_id, type_id) VALUES (270, '7');
INSERT INTO dnd.monster (id, hit_points, size_id, armor_class, armor_class_description, monster_name) VALUES (271, 2, 5, 14, 'Natural Armor', 'Stirge');
INSERT INTO dnd.monster_type_relation (monster_id, type_id) VALUES (271, '18');
INSERT INTO dnd.monster_type_relation (monster_id, type_id) VALUES (271, '17');
INSERT INTO dnd.monster (id, hit_points, size_id, armor_class, armor_class_description, monster_name) VALUES (272, 126, 6, 17, 'Natural Armor', 'Stone Giant');
INSERT INTO dnd.monster_type_relation (monster_id, type_id) VALUES (272, '1');
INSERT INTO dnd.monster_type_relation (monster_id, type_id) VALUES (272, '25');
INSERT INTO dnd.monster (id, hit_points, size_id, armor_class, armor_class_description, monster_name) VALUES (273, 178, 4, 17, 'Natural Armor', 'Stone Golem');
INSERT INTO dnd.monster_type_relation (monster_id, type_id) VALUES (273, '18');
INSERT INTO dnd.monster_type_relation (monster_id, type_id) VALUES (273, '19');
INSERT INTO dnd.monster (id, hit_points, size_id, armor_class, armor_class_description, monster_name) VALUES (274, 230, 6, 16, 'Scale Mail', 'Storm Giant');
INSERT INTO dnd.monster_type_relation (monster_id, type_id) VALUES (274, '2');
INSERT INTO dnd.monster_type_relation (monster_id, type_id) VALUES (274, '25');
INSERT INTO dnd.monster (id, hit_points, size_id, armor_class, armor_class_description, monster_name) VALUES (275, 66, 3, 15, 'Natural Armor', 'Succubus/Incubus');
INSERT INTO dnd.monster_type_relation (monster_id, type_id) VALUES (275, '11');
INSERT INTO dnd.monster_type_relation (monster_id, type_id) VALUES (275, '3');
INSERT INTO dnd.monster (id, hit_points, size_id, armor_class, armor_class_description, monster_name) VALUES (276, 22, 3, 12, '', 'Swarm of Bats');
INSERT INTO dnd.monster_type_relation (monster_id, type_id) VALUES (276, '18');
INSERT INTO dnd.monster_type_relation (monster_id, type_id) VALUES (276, '17');
INSERT INTO dnd.monster (id, hit_points, size_id, armor_class, armor_class_description, monster_name) VALUES (277, 22, 3, 12, 'Natural Armor', 'Swarm of Insects');
INSERT INTO dnd.monster_type_relation (monster_id, type_id) VALUES (277, '18');
INSERT INTO dnd.monster_type_relation (monster_id, type_id) VALUES (277, '17');
INSERT INTO dnd.monster (id, hit_points, size_id, armor_class, armor_class_description, monster_name) VALUES (278, 36, 3, 14, '', 'Swarm of Poisonous Snakes');
INSERT INTO dnd.monster_type_relation (monster_id, type_id) VALUES (278, '18');
INSERT INTO dnd.monster_type_relation (monster_id, type_id) VALUES (278, '17');
INSERT INTO dnd.monster (id, hit_points, size_id, armor_class, armor_class_description, monster_name) VALUES (279, 28, 3, 13, '', 'Swarm of Quippers');
INSERT INTO dnd.monster_type_relation (monster_id, type_id) VALUES (279, '18');
INSERT INTO dnd.monster_type_relation (monster_id, type_id) VALUES (279, '17');
INSERT INTO dnd.monster (id, hit_points, size_id, armor_class, armor_class_description, monster_name) VALUES (280, 24, 3, 10, '', 'Swarm of Rats');
INSERT INTO dnd.monster_type_relation (monster_id, type_id) VALUES (280, '18');
INSERT INTO dnd.monster_type_relation (monster_id, type_id) VALUES (280, '17');
INSERT INTO dnd.monster (id, hit_points, size_id, armor_class, armor_class_description, monster_name) VALUES (281, 24, 3, 12, '', 'Swarm of Ravens');
INSERT INTO dnd.monster_type_relation (monster_id, type_id) VALUES (281, '18');
INSERT INTO dnd.monster_type_relation (monster_id, type_id) VALUES (281, '17');
INSERT INTO dnd.monster (id, hit_points, size_id, armor_class, armor_class_description, monster_name) VALUES (282, 676, 2, 25, 'Natural Armor', 'Tarrasque');
INSERT INTO dnd.monster_type_relation (monster_id, type_id) VALUES (282, '18');
INSERT INTO dnd.monster_type_relation (monster_id, type_id) VALUES (282, '23');
INSERT INTO dnd.monster (id, hit_points, size_id, armor_class, armor_class_description, monster_name) VALUES (283, 32, 3, 11, 'Leather Armor', 'Thug');
INSERT INTO dnd.monster_type_relation (monster_id, type_id) VALUES (283, '4');
INSERT INTO dnd.monster_type_relation (monster_id, type_id) VALUES (283, '5');
INSERT INTO dnd.monster (id, hit_points, size_id, armor_class, armor_class_description, monster_name) VALUES (284, 37, 4, 12, '', 'Tiger');
INSERT INTO dnd.monster_type_relation (monster_id, type_id) VALUES (284, '18');
INSERT INTO dnd.monster_type_relation (monster_id, type_id) VALUES (284, '17');
INSERT INTO dnd.monster (id, hit_points, size_id, armor_class, armor_class_description, monster_name) VALUES (285, 138, 6, 16, 'Natural Armor', 'Treant');
INSERT INTO dnd.monster_type_relation (monster_id, type_id) VALUES (285, '10');
INSERT INTO dnd.monster_type_relation (monster_id, type_id) VALUES (285, '2');
INSERT INTO dnd.monster (id, hit_points, size_id, armor_class, armor_class_description, monster_name) VALUES (286, 11, 3, 12, 'Hide Armor', 'Tribal Warrior');
INSERT INTO dnd.monster_type_relation (monster_id, type_id) VALUES (286, '4');
INSERT INTO dnd.monster_type_relation (monster_id, type_id) VALUES (286, '5');
INSERT INTO dnd.monster (id, hit_points, size_id, armor_class, armor_class_description, monster_name) VALUES (287, 95, 6, 13, 'Natural Armor', 'Triceratops');
INSERT INTO dnd.monster_type_relation (monster_id, type_id) VALUES (287, '18');
INSERT INTO dnd.monster_type_relation (monster_id, type_id) VALUES (287, '17');
INSERT INTO dnd.monster (id, hit_points, size_id, armor_class, armor_class_description, monster_name) VALUES (288, 84, 4, 15, 'Natural Armor', 'Troll');
INSERT INTO dnd.monster_type_relation (monster_id, type_id) VALUES (288, '15');
INSERT INTO dnd.monster_type_relation (monster_id, type_id) VALUES (288, '25');
INSERT INTO dnd.monster (id, hit_points, size_id, armor_class, armor_class_description, monster_name) VALUES (289, 4, 1, 13, 'Natural Armor', 'Twig Blight');
INSERT INTO dnd.monster_type_relation (monster_id, type_id) VALUES (289, '10');
INSERT INTO dnd.monster_type_relation (monster_id, type_id) VALUES (289, '3');
INSERT INTO dnd.monster (id, hit_points, size_id, armor_class, armor_class_description, monster_name) VALUES (290, 136, 6, 13, 'Natural Armor', 'Tyrannosaurus Rex');
INSERT INTO dnd.monster_type_relation (monster_id, type_id) VALUES (290, '18');
INSERT INTO dnd.monster_type_relation (monster_id, type_id) VALUES (290, '17');
INSERT INTO dnd.monster (id, hit_points, size_id, armor_class, armor_class_description, monster_name) VALUES (291, 67, 4, 12, '', 'Unicorn');
INSERT INTO dnd.monster_type_relation (monster_id, type_id) VALUES (291, '21');
INSERT INTO dnd.monster_type_relation (monster_id, type_id) VALUES (291, '26');
INSERT INTO dnd.monster (id, hit_points, size_id, armor_class, armor_class_description, monster_name) VALUES (292, 144, 3, 16, 'Natural Armor', 'Vampire');
INSERT INTO dnd.monster_type_relation (monster_id, type_id) VALUES (292, '12');
INSERT INTO dnd.monster_type_relation (monster_id, type_id) VALUES (292, '16');
INSERT INTO dnd.monster (id, hit_points, size_id, armor_class, armor_class_description, monster_name) VALUES (293, 82, 3, 15, 'Natural Armor', 'Vampire Spawn');
INSERT INTO dnd.monster_type_relation (monster_id, type_id) VALUES (293, '3');
INSERT INTO dnd.monster_type_relation (monster_id, type_id) VALUES (293, '12');
INSERT INTO dnd.monster (id, hit_points, size_id, armor_class, armor_class_description, monster_name) VALUES (294, 58, 3, 17, 'Splint', 'Veteran');
INSERT INTO dnd.monster_type_relation (monster_id, type_id) VALUES (294, '4');
INSERT INTO dnd.monster_type_relation (monster_id, type_id) VALUES (294, '5');
INSERT INTO dnd.monster (id, hit_points, size_id, armor_class, armor_class_description, monster_name) VALUES (295, 18, 3, 5, '', 'Violet Fungus');
INSERT INTO dnd.monster_type_relation (monster_id, type_id) VALUES (295, '18');
INSERT INTO dnd.monster_type_relation (monster_id, type_id) VALUES (295, '10');
INSERT INTO dnd.monster (id, hit_points, size_id, armor_class, armor_class_description, monster_name) VALUES (296, 104, 4, 15, 'Natural Armor', 'Vrock');
INSERT INTO dnd.monster_type_relation (monster_id, type_id) VALUES (296, '11');
INSERT INTO dnd.monster_type_relation (monster_id, type_id) VALUES (296, '15');
INSERT INTO dnd.monster (id, hit_points, size_id, armor_class, armor_class_description, monster_name) VALUES (297, 5, 3, 10, '', 'Vulture');
INSERT INTO dnd.monster_type_relation (monster_id, type_id) VALUES (297, '18');
INSERT INTO dnd.monster_type_relation (monster_id, type_id) VALUES (297, '17');
INSERT INTO dnd.monster (id, hit_points, size_id, armor_class, armor_class_description, monster_name) VALUES (298, 19, 4, 11, '', 'Warhorse');
INSERT INTO dnd.monster_type_relation (monster_id, type_id) VALUES (298, '18');
INSERT INTO dnd.monster_type_relation (monster_id, type_id) VALUES (298, '17');
INSERT INTO dnd.monster (id, hit_points, size_id, armor_class, armor_class_description, monster_name) VALUES (299, 22, 4, 13, 'Barding Scraps', 'Warhorse Skeleton');
INSERT INTO dnd.monster_type_relation (monster_id, type_id) VALUES (299, '12');
INSERT INTO dnd.monster_type_relation (monster_id, type_id) VALUES (299, '16');
INSERT INTO dnd.monster (id, hit_points, size_id, armor_class, armor_class_description, monster_name) VALUES (300, 114, 4, 14, 'Natural Armor', 'Water Elemental');
INSERT INTO dnd.monster_type_relation (monster_id, type_id) VALUES (300, '1');
INSERT INTO dnd.monster_type_relation (monster_id, type_id) VALUES (300, '7');
INSERT INTO dnd.monster (id, hit_points, size_id, armor_class, armor_class_description, monster_name) VALUES (301, 1, 5, 13, '', 'Weasel');
INSERT INTO dnd.monster_type_relation (monster_id, type_id) VALUES (301, '18');
INSERT INTO dnd.monster_type_relation (monster_id, type_id) VALUES (301, '17');
INSERT INTO dnd.monster (id, hit_points, size_id, armor_class, armor_class_description, monster_name) VALUES (302, 135, 3, 10, 'In Humanoid Form, 11 In Bear And Hybrid Form', 'Werebear');
INSERT INTO dnd.monster_type_relation (monster_id, type_id) VALUES (302, '4');
INSERT INTO dnd.monster_type_relation (monster_id, type_id) VALUES (302, '20');
INSERT INTO dnd.monster (id, hit_points, size_id, armor_class, armor_class_description, monster_name) VALUES (303, 78, 3, 10, 'In Humanoid Form, 11 In Boar Or Hybrid Form', 'Wereboar');
INSERT INTO dnd.monster_type_relation (monster_id, type_id) VALUES (303, '3');
INSERT INTO dnd.monster_type_relation (monster_id, type_id) VALUES (303, '4');
INSERT INTO dnd.monster (id, hit_points, size_id, armor_class, armor_class_description, monster_name) VALUES (304, 33, 3, 12, '', 'Wererat');
INSERT INTO dnd.monster_type_relation (monster_id, type_id) VALUES (304, '4');
INSERT INTO dnd.monster_type_relation (monster_id, type_id) VALUES (304, '16');
INSERT INTO dnd.monster (id, hit_points, size_id, armor_class, armor_class_description, monster_name) VALUES (305, 120, 3, 12, '', 'Weretiger');
INSERT INTO dnd.monster_type_relation (monster_id, type_id) VALUES (305, '1');
INSERT INTO dnd.monster_type_relation (monster_id, type_id) VALUES (305, '4');
INSERT INTO dnd.monster (id, hit_points, size_id, armor_class, armor_class_description, monster_name) VALUES (306, 58, 3, 11, 'In Humanoid Form, 12 In Wolf Or Hybrid Form', 'Werewolf');
INSERT INTO dnd.monster_type_relation (monster_id, type_id) VALUES (306, '4');
INSERT INTO dnd.monster_type_relation (monster_id, type_id) VALUES (306, '15');
INSERT INTO dnd.monster (id, hit_points, size_id, armor_class, armor_class_description, monster_name) VALUES (307, 32, 3, 16, 'Natural Armor', 'White Dragon Wyrmling');
INSERT INTO dnd.monster_type_relation (monster_id, type_id) VALUES (307, '15');
INSERT INTO dnd.monster_type_relation (monster_id, type_id) VALUES (307, '6');
INSERT INTO dnd.monster (id, hit_points, size_id, armor_class, armor_class_description, monster_name) VALUES (308, 45, 3, 14, 'Studded Leather', 'Wight');
INSERT INTO dnd.monster_type_relation (monster_id, type_id) VALUES (308, '3');
INSERT INTO dnd.monster_type_relation (monster_id, type_id) VALUES (308, '12');
INSERT INTO dnd.monster (id, hit_points, size_id, armor_class, armor_class_description, monster_name) VALUES (309, 22, 5, 19, '', 'Will-o''-Wisp');
INSERT INTO dnd.monster_type_relation (monster_id, type_id) VALUES (309, '12');
INSERT INTO dnd.monster_type_relation (monster_id, type_id) VALUES (309, '15');
INSERT INTO dnd.monster (id, hit_points, size_id, armor_class, armor_class_description, monster_name) VALUES (310, 75, 4, 13, 'Natural Armor', 'Winter Wolf');
INSERT INTO dnd.monster_type_relation (monster_id, type_id) VALUES (310, '3');
INSERT INTO dnd.monster_type_relation (monster_id, type_id) VALUES (310, '23');
INSERT INTO dnd.monster (id, hit_points, size_id, armor_class, armor_class_description, monster_name) VALUES (311, 11, 3, 13, 'Natural Armor', 'Wolf');
INSERT INTO dnd.monster_type_relation (monster_id, type_id) VALUES (311, '18');
INSERT INTO dnd.monster_type_relation (monster_id, type_id) VALUES (311, '17');
INSERT INTO dnd.monster (id, hit_points, size_id, armor_class, armor_class_description, monster_name) VALUES (312, 26, 4, 13, 'Natural Armor', 'Worg');
INSERT INTO dnd.monster_type_relation (monster_id, type_id) VALUES (312, '3');
INSERT INTO dnd.monster_type_relation (monster_id, type_id) VALUES (312, '23');
INSERT INTO dnd.monster (id, hit_points, size_id, armor_class, armor_class_description, monster_name) VALUES (313, 67, 3, 13, '', 'Wraith');
INSERT INTO dnd.monster_type_relation (monster_id, type_id) VALUES (313, '3');
INSERT INTO dnd.monster_type_relation (monster_id, type_id) VALUES (313, '12');
INSERT INTO dnd.monster (id, hit_points, size_id, armor_class, armor_class_description, monster_name) VALUES (314, 110, 4, 13, 'Natural Armor', 'Wyvern');
INSERT INTO dnd.monster_type_relation (monster_id, type_id) VALUES (314, '18');
INSERT INTO dnd.monster_type_relation (monster_id, type_id) VALUES (314, '6');
INSERT INTO dnd.monster (id, hit_points, size_id, armor_class, armor_class_description, monster_name) VALUES (315, 73, 3, 19, 'Natural Armor', 'Xorn');
INSERT INTO dnd.monster_type_relation (monster_id, type_id) VALUES (315, '1');
INSERT INTO dnd.monster_type_relation (monster_id, type_id) VALUES (315, '7');
INSERT INTO dnd.monster (id, hit_points, size_id, armor_class, armor_class_description, monster_name) VALUES (316, 51, 4, 12, 'Natural Armor', 'Yeti');
INSERT INTO dnd.monster_type_relation (monster_id, type_id) VALUES (316, '15');
INSERT INTO dnd.monster_type_relation (monster_id, type_id) VALUES (316, '23');
INSERT INTO dnd.monster (id, hit_points, size_id, armor_class, armor_class_description, monster_name) VALUES (317, 127, 4, 18, 'Natural Armor', 'Young Black Dragon');
INSERT INTO dnd.monster_type_relation (monster_id, type_id) VALUES (317, '15');
INSERT INTO dnd.monster_type_relation (monster_id, type_id) VALUES (317, '6');
INSERT INTO dnd.monster (id, hit_points, size_id, armor_class, armor_class_description, monster_name) VALUES (318, 152, 4, 18, 'Natural Armor', 'Young Blue Dragon');
INSERT INTO dnd.monster_type_relation (monster_id, type_id) VALUES (318, '6');
INSERT INTO dnd.monster_type_relation (monster_id, type_id) VALUES (318, '16');
INSERT INTO dnd.monster (id, hit_points, size_id, armor_class, armor_class_description, monster_name) VALUES (319, 110, 4, 17, 'Natural Armor', 'Young Brass Dragon');
INSERT INTO dnd.monster_type_relation (monster_id, type_id) VALUES (319, '2');
INSERT INTO dnd.monster_type_relation (monster_id, type_id) VALUES (319, '6');
INSERT INTO dnd.monster (id, hit_points, size_id, armor_class, armor_class_description, monster_name) VALUES (320, 142, 4, 18, 'Natural Armor', 'Young Bronze Dragon');
INSERT INTO dnd.monster_type_relation (monster_id, type_id) VALUES (320, '21');
INSERT INTO dnd.monster_type_relation (monster_id, type_id) VALUES (320, '6');
INSERT INTO dnd.monster (id, hit_points, size_id, armor_class, armor_class_description, monster_name) VALUES (321, 119, 4, 17, 'Natural Armor', 'Young Copper Dragon');
INSERT INTO dnd.monster_type_relation (monster_id, type_id) VALUES (321, '2');
INSERT INTO dnd.monster_type_relation (monster_id, type_id) VALUES (321, '6');
INSERT INTO dnd.monster (id, hit_points, size_id, armor_class, armor_class_description, monster_name) VALUES (322, 178, 4, 18, 'Natural Armor', 'Young Gold Dragon');
INSERT INTO dnd.monster_type_relation (monster_id, type_id) VALUES (322, '21');
INSERT INTO dnd.monster_type_relation (monster_id, type_id) VALUES (322, '6');
INSERT INTO dnd.monster (id, hit_points, size_id, armor_class, armor_class_description, monster_name) VALUES (323, 136, 4, 18, 'Natural Armor', 'Young Green Dragon');
INSERT INTO dnd.monster_type_relation (monster_id, type_id) VALUES (323, '6');
INSERT INTO dnd.monster_type_relation (monster_id, type_id) VALUES (323, '16');
INSERT INTO dnd.monster (id, hit_points, size_id, armor_class, armor_class_description, monster_name) VALUES (324, 178, 4, 18, 'Natural Armor', 'Young Red Dragon');
INSERT INTO dnd.monster_type_relation (monster_id, type_id) VALUES (324, '15');
INSERT INTO dnd.monster_type_relation (monster_id, type_id) VALUES (324, '6');
INSERT INTO dnd.monster (id, hit_points, size_id, armor_class, armor_class_description, monster_name) VALUES (325, 168, 4, 18, 'Natural Armor', 'Young Silver Dragon');
INSERT INTO dnd.monster_type_relation (monster_id, type_id) VALUES (325, '21');
INSERT INTO dnd.monster_type_relation (monster_id, type_id) VALUES (325, '6');
INSERT INTO dnd.monster (id, hit_points, size_id, armor_class, armor_class_description, monster_name) VALUES (326, 133, 4, 17, 'Natural Armor', 'Young White Dragon');
INSERT INTO dnd.monster_type_relation (monster_id, type_id) VALUES (326, '15');
INSERT INTO dnd.monster_type_relation (monster_id, type_id) VALUES (326, '6');
INSERT INTO dnd.monster (id, hit_points, size_id, armor_class, armor_class_description, monster_name) VALUES (327, 22, 3, 8, '', 'Zombie');
INSERT INTO dnd.monster_type_relation (monster_id, type_id) VALUES (327, '3');
INSERT INTO dnd.monster_type_relation (monster_id, type_id) VALUES (327, '12');
